Worker_ID,Years_of_Education,Years_of_Experience,Hourly_Wage
1,15,6.7,16.51
2,14,7.6,17.82
3,16,18.4,29.08
4,18,11.5,54.5
5,13,9.9,13.23
6,13,25.8,22.16
7,18,26.0,61.77
8,16,33.0,30.74
9,13,16.7,28.38
10,15,2.9,20.65
11,13,10.9,23.84
12,13,39.2,22.56
13,15,23.9,40.36
14,9,28.4,9.31
15,10,0.3,10.63
16,13,20.7,27.82
17,11,1.5,17.42
18,15,22.8,55.76
19,12,36.8,19.5
20,10,38.7,33.24
21,18,21.6,31.54
22,13,18.3,40.99
23,14,37.8,38.34
24,10,26.9,13.2
25,13,2.6,20.03
26,14,18.6,26.18
27,11,9.6,22.03
28,15,18.8,27.06
29,12,18.2,19.25
30,13,23.3,43.6
31,12,14.3,19.82
32,19,6.6,49.71
33,14,20.1,24.81
34,11,33.2,40.92
35,16,26.6,26.38
36,11,13.5,14.42
37,15,37.4,56.39
38,9,36.5,14.17
39,11,8.4,31.71
40,14,1.6,27.19
41,16,29.7,32.72
42,14,33.1,13.73
43,14,38.7,27.23
44,13,35.6,26.44
45,10,24.0,29.93
46,12,21.2,42.38
47,13,1.1,12.92
48,17,9.9,43.28
49,15,18.4,39.99
50,10,25.1,29.01
51,15,22.3,37.33
52,13,29.7,11.86
53,12,11.2,18.37
54,16,22.6,21.33
55,17,3.5,24.99
56,16,16.5,47.06
57,12,30.0,26.37
58,13,27.7,40.72
59,15,39.6,34.48
60,16,11.1,17.33
61,13,19.9,8.94
62,14,13.2,26.26
63,11,17.6,17.95
64,11,34.3,14.16
65,16,27.4,17.57
66,17,35.3,28.28
67,14,8.1,20.77
68,17,34.9,49.61
69,15,2.4,23.2
70,12,35.5,43.72
71,15,13.2,18.07
72,18,12.6,51.97
73,14,20.5,27.76
74,18,37.6,54.53
75,8,1.9,8.85
76,16,14.1,47.09
77,14,34.3,31.79
78,13,15.8,17.78
79,14,8.0,22.25
80,9,17.0,14.43
81,13,15.4,28.2
82,15,36.6,19.22
83,18,30.5,42.02
84,13,20.2,28.79
85,12,39.5,22.6
86,13,18.6,41.43
87,16,2.3,32.36
88,15,10.5,25.96
89,13,17.4,25.99
90,15,6.3,26.76
91,14,37.9,32.46
92,16,30.7,16.77
93,12,10.7,17.18
94,13,23.6,13.96
95,13,28.9,42.98
96,10,37.7,18.11
97,15,35.3,28.75
98,15,20.6,43.15
99,14,31.0,33.73
100,13,22.5,15.96
101,10,22.1,18.0
102,13,4.6,16.33
103,13,5.0,9.4
104,12,21.2,17.03
105,14,10.8,22.01
106,15,0.8,19.67
107,19,28.9,25.96
108,14,1.3,29.93
109,15,23.8,29.67
110,14,21.6,27.92
111,9,38.8,19.53
112,14,19.4,19.65
113,14,2.5,23.47
114,20,22.1,43.45
115,14,33.6,19.78
116,15,39.9,37.74
117,14,17.2,47.7
118,11,12.8,24.34
119,17,36.3,54.57
120,16,7.6,22.02
121,16,24.6,18.11
122,12,16.2,38.52
123,18,1.6,64.7
124,10,13.9,31.11
125,15,10.6,22.82
126,19,27.4,29.51
127,12,38.0,14.76
128,13,10.7,10.92
129,14,32.5,27.22
130,13,2.2,33.32
131,10,21.5,17.42
132,14,2.8,22.23
133,11,37.4,35.63
134,15,30.7,26.79
135,12,26.3,52.32
136,18,33.0,93.92
137,12,25.9,21.96
138,13,38.8,19.7
139,16,28.6,45.96
140,11,37.0,17.93
141,15,20.7,18.99
142,17,4.7,46.62
143,10,21.1,29.88
144,14,5.1,22.23
145,15,23.7,18.63
146,16,19.3,20.1
147,11,24.9,21.76
148,11,0.4,11.16
149,15,7.8,21.48
150,15,19.7,44.94
151,15,38.0,40.9
152,15,15.3,49.1
153,12,17.0,14.42
154,15,28.6,27.43
155,15,24.2,41.95
156,12,12.0,23.72
157,19,16.4,79.12
158,15,8.7,29.71
159,11,38.6,42.6
160,16,5.2,31.79
161,12,14.9,31.83
162,16,1.0,20.11
163,17,8.9,30.95
164,12,31.2,33.57
165,16,8.0,52.16
166,15,3.2,29.45
167,16,19.0,31.69
168,19,0.4,52.61
169,13,3.4,7.53
170,12,32.3,13.18
171,12,30.9,30.64
172,12,36.6,22.96
173,14,34.2,36.0
174,15,27.3,32.21
175,15,2.1,26.82
176,16,31.3,25.11
177,14,33.8,35.55
178,18,32.0,63.17
179,13,20.3,40.11
180,21,9.3,103.7
181,16,33.8,38.11
182,12,29.1,26.03
183,11,39.2,11.0
184,15,6.2,19.2
185,13,9.0,19.16
186,16,8.5,42.03
187,15,31.7,24.63
188,14,7.5,30.41
189,12,2.7,16.05
190,10,39.9,16.94
191,13,1.0,18.71
192,16,33.4,29.6
193,15,14.6,23.57
194,11,33.7,10.61
195,14,22.2,25.04
196,15,36.1,25.52
197,12,37.0,18.52
198,14,0.4,21.71
199,14,3.0,25.77
200,11,10.0,18.98
201,15,26.8,46.66
202,15,35.5,39.05
203,17,18.4,31.97
204,17,24.3,31.45
205,11,7.5,18.6
206,12,32.2,29.29
207,15,38.7,53.06
208,15,10.7,42.14
209,15,19.8,24.08
210,22,3.4,42.8
211,15,22.4,40.02
212,17,20.1,56.17
213,16,5.8,37.8
214,16,17.7,31.46
215,13,13.4,13.6
216,16,20.9,22.39
217,12,23.4,25.47
218,13,0.3,19.05
219,13,30.4,16.62
220,14,28.5,28.98
221,20,14.7,59.42
222,9,2.1,7.39
223,16,30.2,54.16
224,10,38.2,15.88
225,13,9.6,34.64
226,17,12.9,26.87
227,14,7.4,14.63
228,11,23.1,17.16
229,12,6.2,16.92
230,16,14.2,26.33
231,12,27.9,21.36
232,15,22.4,34.98
233,14,15.5,23.95
234,12,16.8,20.83
235,19,22.5,23.06
236,16,0.2,26.15
237,9,3.1,11.63
238,14,35.3,53.53
239,12,3.1,11.16
240,16,28.3,16.86
241,12,36.8,29.2
242,14,10.8,27.24
243,15,14.8,18.75
244,16,22.8,18.39
245,11,35.3,38.52
246,13,37.7,44.09
247,13,29.6,9.53
248,12,3.5,13.66
249,18,26.8,82.31
250,15,16.4,23.74
251,11,18.8,16.3
252,16,2.0,20.99
253,19,7.6,23.38
254,17,31.6,19.43
255,10,18.2,27.14
256,13,12.1,10.51
257,17,15.4,38.16
258,12,34.2,32.98
259,15,30.0,17.63
260,16,10.9,20.04
261,12,4.7,27.53
262,14,10.1,28.93
263,8,36.8,11.94
264,11,23.3,33.39
265,13,21.3,40.25
266,11,23.9,23.07
267,18,14.6,26.36
268,10,32.3,16.15
269,13,20.9,27.76
270,14,4.7,19.18
271,18,5.2,45.47
272,10,21.5,9.99
273,17,37.5,20.58
274,14,12.3,26.21
275,12,34.8,18.95
276,15,30.6,24.51
277,14,9.9,11.48
278,12,1.5,15.65
279,14,4.1,19.94
280,13,29.1,33.48
281,14,8.0,22.99
282,16,14.9,29.44
283,18,20.1,64.81
284,11,29.0,12.49
285,19,4.5,42.11
286,9,16.3,8.06
287,14,19.4,19.27
288,15,21.6,18.73
289,15,32.7,42.91
290,12,6.9,17.4
291,13,32.3,25.58
292,13,27.7,16.52
293,13,22.2,22.2
294,16,28.0,25.6
295,15,16.5,33.52
296,12,5.5,11.64
297,16,26.6,58.92
298,15,21.0,15.47
299,16,25.6,24.97
300,16,13.5,59.45
301,12,36.3,19.23
302,13,23.5,14.92
303,16,3.4,26.69
304,16,18.0,26.78
305,14,30.3,20.4
306,14,31.8,18.36
307,17,19.8,110.52
308,13,35.8,22.93
309,15,10.7,12.11
310,13,16.4,42.75
311,13,35.9,32.35
312,17,35.9,27.84
313,16,27.4,23.89
314,16,34.4,45.15
315,17,3.6,24.57
316,14,34.6,13.05
317,16,12.8,61.4
318,13,7.1,16.69
319,15,9.6,46.51
320,14,16.7,43.52
321,14,10.0,15.65
322,15,12.8,41.09
323,12,5.4,13.29
324,19,11.8,18.89
325,11,22.9,17.37
326,11,17.7,22.94
327,17,13.9,28.07
328,16,29.9,30.79
329,16,35.7,54.11
330,16,30.3,36.33
331,14,13.3,17.69
332,12,29.8,30.9
333,14,6.1,23.17
334,12,5.2,6.26
335,16,13.8,36.25
336,14,32.3,33.25
337,12,9.9,19.2
338,13,2.5,25.26
339,15,5.3,17.73
340,13,34.3,29.23
341,12,25.4,12.33
342,15,10.1,30.43
343,15,22.2,66.75
344,13,21.1,16.65
345,13,26.2,18.9
346,15,9.3,19.15
347,10,34.6,19.92
348,10,12.4,10.69
349,12,27.8,27.55
350,13,0.6,23.52
351,15,14.9,34.81
352,18,14.1,18.46
353,16,21.7,50.1
354,14,2.9,28.73
355,14,31.6,39.68
356,11,8.7,19.54
357,14,27.1,30.99
358,13,32.1,38.89
359,15,22.5,66.1
360,12,29.6,15.94
361,15,26.5,48.18
362,18,14.2,36.27
363,14,32.4,26.99
364,15,11.8,14.43
365,16,22.8,30.28
366,13,29.8,17.31
367,15,15.2,23.44
368,14,12.1,15.65
369,14,18.4,22.26
370,12,32.7,19.76
371,14,37.2,28.87
372,15,21.8,15.97
373,18,26.5,23.7
374,16,36.1,39.49
375,19,3.9,24.33
376,12,9.3,28.94
377,16,28.4,38.04
378,14,32.9,36.17
379,19,34.3,81.87
380,12,16.6,18.85
381,12,3.6,13.08
382,13,17.5,33.81
383,9,9.2,17.08
384,13,11.6,20.22
385,12,30.9,40.7
386,14,3.0,18.2
387,15,33.1,31.76
388,19,17.1,43.61
389,16,23.8,23.5
390,13,3.6,18.77
391,12,13.5,35.6
392,15,3.6,26.55
393,11,38.5,20.63
394,19,32.3,43.93
395,17,18.4,41.05
396,13,8.9,27.89
397,10,37.3,23.73
398,17,13.8,29.54
399,14,6.4,24.59
400,17,22.5,45.33
401,10,37.8,12.39
402,13,0.2,17.67
403,14,9.5,9.74
404,14,37.5,33.6
405,13,6.8,25.69
406,16,4.5,33.94
407,11,22.8,17.57
408,14,34.5,31.93
409,14,19.1,47.47
410,15,39.8,52.86
411,16,27.2,34.27
412,11,3.0,15.49
413,10,39.7,28.42
414,17,16.3,19.22
415,15,11.5,23.33
416,12,22.3,38.66
417,18,12.2,53.58
418,14,3.5,23.23
419,17,0.1,13.46
420,14,18.0,25.99
421,19,33.5,36.89
422,18,22.9,47.33
423,13,40.0,17.75
424,16,11.5,19.45
425,16,11.2,12.78
426,17,6.4,47.47
427,12,6.6,15.11
428,16,11.4,31.19
429,17,31.7,38.38
430,10,36.2,12.23
431,11,39.0,12.25
432,9,9.3,9.33
433,13,35.3,19.05
434,16,13.1,34.96
435,18,4.5,22.35
436,14,34.8,56.66
437,18,25.4,63.46
438,11,6.6,22.18
439,10,17.2,16.78
440,14,11.5,44.01
441,15,29.5,28.87
442,14,18.1,26.24
443,9,39.6,17.68
444,14,2.2,25.64
445,11,14.2,24.05
446,16,19.3,27.18
447,15,20.1,24.24
448,12,12.6,25.93
449,13,29.2,34.32
450,11,35.0,17.82
451,14,37.5,14.68
452,16,32.2,31.97
453,12,34.0,29.71
454,15,22.0,62.82
455,13,33.0,15.9
456,12,12.1,16.77
457,14,15.9,22.1
458,11,12.7,31.26
459,13,18.7,23.86
460,11,11.4,12.36
461,19,38.5,56.69
462,14,12.5,20.81
463,12,3.9,10.18
464,15,21.1,21.18
465,14,2.3,38.84
466,13,4.4,21.68
467,16,8.8,29.02
468,16,18.6,29.51
469,13,17.3,26.75
470,13,32.0,28.79
471,13,29.6,28.99
472,8,17.1,15.06
473,10,13.3,23.54
474,17,12.7,33.41
475,18,31.0,28.74
476,13,2.1,13.67
477,15,0.5,9.24
478,15,31.8,70.74
479,22,19.1,84.4
480,17,5.2,20.31
481,14,9.4,20.61
482,12,37.3,17.61
483,10,34.4,35.07
484,15,28.4,17.83
485,12,19.3,23.07
486,10,20.8,17.54
487,12,39.0,31.19
488,11,38.6,19.51
489,18,8.6,16.74
490,16,32.4,31.39
491,14,7.9,15.13
492,18,8.5,34.87
493,14,27.0,50.37
494,12,16.2,10.58
495,18,37.3,30.07
496,15,3.6,17.8
497,11,20.5,17.32
498,14,36.7,37.46
499,12,36.2,21.36
500,11,6.3,18.81
501,16,14.7,24.1
502,19,24.8,50.82
503,11,6.4,21.8
504,15,38.7,22.62
505,12,36.6,31.21
506,13,6.7,20.07
507,13,4.8,28.55
508,12,3.4,15.12
509,14,36.4,32.53
510,12,7.7,17.92
511,15,16.7,27.73
512,14,18.0,29.4
513,13,24.0,31.39
514,12,2.9,9.8
515,13,9.1,36.76
516,16,37.3,16.12
517,15,36.3,23.48
518,12,31.3,22.45
519,14,0.8,21.93
520,16,13.1,56.67
521,10,25.1,8.98
522,15,11.0,21.47
523,12,36.4,9.77
524,15,25.4,31.56
525,12,2.9,18.01
526,9,36.4,32.01
527,10,38.3,19.37
528,14,3.1,30.15
529,15,21.3,38.31
530,12,12.1,16.72
531,16,15.7,17.89
532,10,7.2,16.44
533,14,23.1,15.33
534,11,38.3,34.24
535,12,20.1,20.83
536,14,3.3,32.2
537,12,24.8,19.0
538,13,13.6,25.11
539,17,34.2,41.46
540,13,17.4,23.39
541,16,7.7,22.84
542,11,7.6,19.24
543,15,30.8,21.74
544,18,10.6,21.73
545,8,30.7,25.71
546,12,8.2,24.63
547,15,12.9,27.93
548,13,18.6,47.05
549,15,37.7,27.47
550,12,37.3,38.58
551,14,8.3,24.15
552,14,14.3,16.73
553,17,6.0,60.38
554,15,20.4,44.71
555,15,18.4,28.07
556,13,36.0,33.88
557,13,37.2,21.38
558,13,15.3,32.27
559,15,19.7,11.48
560,13,35.8,16.86
561,15,32.3,46.49
562,19,0.1,27.24
563,16,12.8,32.63
564,13,16.9,13.81
565,17,9.2,64.88
566,13,8.0,32.58
567,9,1.5,10.63
568,11,25.7,17.8
569,9,10.5,21.58
570,13,2.1,38.61
571,14,9.2,33.65
572,18,32.1,101.15
573,15,34.1,21.6
574,13,19.3,17.55
575,16,16.6,19.79
576,8,39.1,17.91
577,15,8.0,26.54
578,16,8.6,26.06
579,10,11.7,22.33
580,17,6.9,48.25
581,15,15.2,15.33
582,13,36.4,19.9
583,16,24.6,47.63
584,20,16.5,39.31
585,14,37.4,20.16
586,15,1.9,31.93
587,13,8.4,12.2
588,12,22.6,20.13
589,16,24.6,39.13
590,12,1.6,12.39
591,14,16.1,35.41
592,13,26.0,20.38
593,15,27.9,55.22
594,15,25.5,29.66
595,17,12.8,43.42
596,13,3.7,24.62
597,13,17.1,18.46
598,12,5.2,7.54
599,13,37.9,28.88
600,15,19.0,30.52
601,16,12.7,37.43
602,12,30.7,21.31
603,16,19.9,27.85
604,17,12.4,73.59
605,15,32.5,17.43
606,19,34.7,62.34
607,12,26.9,18.46
608,11,1.9,12.43
609,10,22.7,16.38
610,18,30.5,30.83
611,16,5.5,32.38
612,14,9.1,40.0
613,15,35.3,37.49
614,11,0.8,14.37
615,20,30.1,35.0
616,14,19.0,32.97
617,14,17.9,62.74
618,16,0.3,19.22
619,15,32.8,27.0
620,15,14.4,22.28
621,12,21.6,18.53
622,15,27.1,10.46
623,19,28.1,55.16
624,17,38.2,26.52
625,18,21.3,21.49
626,13,16.0,31.6
627,12,38.1,14.64
628,14,25.7,24.66
629,14,11.9,43.52
630,17,5.1,16.04
631,10,33.7,10.28
632,18,14.5,41.99
633,14,26.4,44.85
634,13,18.8,12.91
635,11,8.0,19.49
636,10,24.1,23.68
637,16,2.4,10.45
638,14,16.5,35.83
639,11,21.9,29.01
640,11,17.4,17.23
641,13,29.9,42.56
642,18,33.1,66.67
643,13,30.8,26.87
644,10,1.6,10.64
645,13,7.8,13.65
646,13,21.5,24.5
647,8,37.4,19.12
648,14,33.4,24.89
649,13,33.7,10.63
650,16,12.1,49.29
651,19,17.2,46.71
652,17,18.8,31.05
653,13,6.3,27.44
654,11,1.2,25.7
655,20,37.9,16.42
656,14,9.6,27.56
657,14,9.6,13.08
658,14,3.3,24.39
659,14,37.1,29.24
660,14,23.2,35.91
661,13,26.7,21.01
662,13,36.5,11.94
663,14,13.8,20.89
664,13,24.9,29.95
665,12,1.6,23.37
666,14,7.5,13.84
667,13,33.2,38.69
668,18,30.7,32.81
669,8,14.0,15.92
670,17,15.1,28.07
671,17,21.3,39.86
672,9,0.0,15.75
673,13,9.6,12.83
674,13,8.3,15.54
675,10,10.0,16.85
676,12,32.2,60.83
677,11,11.2,12.53
678,18,7.7,74.93
679,16,20.2,73.96
680,17,34.6,36.61
681,16,9.7,25.12
682,11,3.1,11.16
683,13,14.3,22.17
684,15,29.9,17.94
685,11,22.0,19.84
686,16,32.7,63.13
687,13,38.4,19.5
688,13,31.7,23.39
689,16,24.2,17.33
690,15,19.7,34.71
691,13,1.6,19.16
692,17,39.4,37.77
693,11,15.3,17.39
694,16,6.1,23.27
695,15,26.7,38.29
696,13,11.4,21.43
697,15,23.4,34.97
698,11,23.5,22.53
699,16,17.8,50.67
700,14,33.4,37.15
701,13,10.6,23.08
702,17,17.9,65.67
703,12,21.5,26.63
704,10,26.5,32.01
705,10,31.4,24.33
706,16,15.8,15.06
707,11,25.8,35.28
708,18,6.0,33.67
709,9,37.3,16.49
710,18,15.3,42.73
711,15,29.2,27.43
712,14,0.8,20.39
713,13,8.2,16.05
714,15,19.5,49.62
715,14,35.1,26.88
716,17,21.1,31.73
717,14,37.2,19.19
718,14,19.4,29.99
719,13,19.6,26.34
720,14,4.8,24.23
721,15,32.1,20.84
722,10,9.9,8.22
723,11,36.0,26.64
724,16,36.4,61.75
725,14,37.7,18.35
726,14,20.8,51.6
727,14,27.1,31.8
728,15,31.1,31.39
729,13,5.2,16.19
730,12,24.0,13.18
731,14,1.4,28.09
732,12,19.9,16.26
733,15,6.2,17.37
734,10,7.3,21.97
735,17,14.6,16.09
736,15,17.3,15.8
737,15,24.9,30.87
738,16,3.0,27.17
739,18,20.1,49.17
740,17,7.3,26.36
741,9,23.0,46.4
742,11,25.5,19.08
743,12,22.3,20.65
744,14,29.5,20.72
745,15,13.4,28.85
746,12,30.6,29.84
747,14,17.3,42.56
748,12,19.4,12.16
749,12,25.9,20.97
750,10,0.7,14.89
751,12,26.2,29.3
752,11,24.7,20.88
753,12,12.4,24.83
754,17,3.4,19.56
755,12,3.6,30.74
756,21,36.9,83.35
757,15,27.6,18.34
758,14,5.1,13.59
759,12,14.3,13.57
760,16,23.7,44.76
761,13,33.4,15.34
762,14,1.7,16.75
763,20,9.5,50.45
764,14,35.6,27.33
765,17,0.4,27.51
766,12,8.1,11.98
767,14,38.4,34.92
768,18,24.5,32.78
769,12,10.5,16.93
770,19,2.7,35.58
771,16,1.1,23.91
772,13,9.8,21.23
773,16,35.3,25.43
774,16,16.6,28.24
775,16,28.8,34.82
776,10,36.7,10.78
777,12,16.3,17.66
778,13,7.7,23.46
779,14,20.7,16.37
780,16,36.3,54.2
781,14,32.2,47.25
782,11,2.6,8.82
783,15,27.7,54.08
784,16,22.9,32.05
785,15,36.3,36.51
786,17,4.9,23.02
787,16,21.4,48.52
788,15,35.2,36.56
789,14,16.4,18.76
790,10,19.3,11.32
791,15,2.8,12.14
792,15,11.1,28.42
793,15,13.0,34.27
794,11,37.8,26.57
795,11,11.3,16.91
796,17,18.4,22.65
797,14,26.9,21.59
798,16,6.5,41.87
799,14,19.5,22.21
800,14,29.5,30.18
801,16,34.7,22.39
802,13,25.1,29.15
803,14,26.8,23.61
804,13,5.1,28.72
805,13,37.8,34.08
806,13,5.3,15.59
807,15,31.0,29.93
808,13,10.6,17.14
809,17,37.3,21.23
810,12,28.8,16.55
811,14,30.2,30.85
812,13,8.8,23.44
813,18,17.7,41.85
814,14,24.7,24.91
815,17,30.8,55.86
816,10,4.2,14.03
817,15,38.5,40.25
818,16,35.6,16.86
819,14,10.8,4.94
820,17,32.9,42.92
821,13,20.7,13.97
822,18,18.5,36.55
823,20,12.6,39.54
824,13,23.2,47.57
825,13,29.2,30.26
826,18,16.4,41.45
827,18,25.2,58.74
828,13,28.0,29.82
829,13,28.4,21.45
830,13,2.1,26.81
831,11,34.4,13.42
832,12,18.3,24.81
833,11,10.5,9.4
834,12,9.7,20.59
835,14,19.3,29.08
836,15,35.5,60.68
837,18,15.1,20.36
838,12,30.0,18.35
839,16,3.9,34.39
840,13,19.0,27.77
841,14,39.7,29.24
842,16,30.8,23.74
843,11,8.4,13.21
844,15,20.1,49.33
845,14,9.3,22.56
846,15,16.4,33.36
847,15,31.2,30.06
848,20,30.8,32.34
849,12,9.1,27.27
850,13,36.9,30.8
851,12,23.7,57.54
852,13,15.2,15.4
853,12,20.1,30.87
854,17,24.2,22.39
855,18,22.4,43.99
856,13,19.5,36.05
857,12,20.2,9.71
858,15,7.1,22.31
859,13,32.5,20.52
860,16,21.7,25.39
861,15,5.2,27.05
862,10,30.6,29.91
863,18,37.3,39.25
864,18,37.9,44.75
865,12,14.8,21.75
866,13,5.4,19.08
867,15,20.7,19.52
868,15,4.5,35.46
869,16,37.4,38.13
870,19,7.3,42.58
871,14,10.1,16.94
872,12,16.3,17.67
873,11,15.3,17.67
874,12,31.8,12.61
875,14,18.3,13.54
876,18,6.8,25.57
877,13,10.7,26.38
878,15,20.4,23.16
879,14,5.9,14.18
880,17,24.5,27.35
881,20,22.6,42.13
882,13,28.6,22.36
883,13,37.5,59.62
884,17,36.5,57.44
885,16,37.8,50.86
886,19,9.8,61.14
887,15,5.3,15.56
888,13,12.1,13.47
889,15,35.8,19.89
890,17,38.9,63.08
891,16,34.4,27.7
892,15,4.4,13.76
893,17,37.9,31.39
894,17,16.9,32.11
895,17,0.4,27.62
896,16,17.7,35.68
897,14,1.8,13.77
898,14,21.8,36.24
899,17,13.5,26.02
900,12,18.9,20.62
901,15,24.5,40.84
902,13,34.8,19.73
903,14,26.5,22.56
904,17,17.4,45.01
905,14,32.8,20.15
906,14,36.2,23.97
907,11,4.8,19.19
908,16,21.3,76.22
909,16,11.4,37.29
910,19,1.9,38.24
911,13,26.7,31.72
912,15,34.5,20.3
913,15,6.5,25.04
914,18,32.5,41.89
915,14,34.1,32.14
916,15,36.6,32.3
917,16,10.6,33.58
918,14,36.2,24.69
919,13,12.8,22.78
920,14,22.1,16.91
921,17,2.0,22.89
922,11,1.8,24.72
923,14,28.8,32.36
924,12,17.8,21.48
925,17,10.3,67.59
926,10,7.6,8.63
927,13,26.8,16.46
928,15,0.0,39.87
929,18,32.2,43.2
930,14,3.2,18.05
931,13,7.7,12.44
932,19,15.4,50.56
933,10,19.4,22.46
934,9,14.2,9.85
935,15,12.8,25.7
936,13,38.6,21.74
937,11,25.7,23.17
938,16,0.9,14.58
939,15,17.2,47.89
940,13,35.0,36.74
941,11,12.1,15.55
942,16,3.8,22.64
943,16,30.3,32.96
944,14,24.2,20.53
945,19,22.8,38.35
946,11,2.1,12.86
947,10,5.6,27.06
948,12,24.9,33.64
949,14,8.3,32.74
950,15,20.2,34.8
951,13,21.8,15.95
952,15,11.3,26.03
953,11,37.9,30.17
954,18,33.7,25.53
955,14,28.9,36.75
956,17,3.1,67.88
957,15,4.2,34.57
958,15,19.7,52.6
959,15,6.4,26.04
960,15,39.1,44.5
961,16,6.3,19.75
962,17,19.5,50.06
963,14,14.6,32.87
964,16,25.6,38.71
965,14,5.2,35.44
966,18,17.2,31.59
967,12,11.0,18.07
968,19,35.5,48.09
969,14,1.6,12.62
970,10,36.5,20.48
971,14,33.3,14.25
972,12,11.9,30.12
973,16,31.6,35.43
974,12,1.2,12.53
975,13,38.7,17.79
976,9,21.1,15.12
977,13,12.1,28.95
978,8,14.5,17.27
979,10,2.7,9.91
980,16,39.6,23.71
981,16,1.6,30.23
982,15,26.2,23.43
983,12,17.7,22.16
984,14,38.0,29.02
985,14,9.8,26.35
986,11,21.3,28.65
987,18,19.3,24.23
988,16,28.1,16.18
989,13,2.7,14.17
990,14,7.8,45.75
991,15,8.6,56.23
992,9,29.5,35.96
993,13,7.6,18.56
994,12,22.9,11.16
995,11,8.6,6.58
996,13,34.5,19.97
997,18,37.7,38.14
998,16,20.7,56.11
999,13,14.1,32.16
1000,15,9.4,27.88
1001,17,2.0,18.21
1002,16,10.7,19.69
1003,14,26.2,31.32
1004,12,21.3,29.71
1005,16,37.8,39.51
1006,15,15.9,18.84
1007,16,27.8,45.05
1008,16,19.6,39.1
1009,17,20.5,23.97
1010,13,10.7,15.65
1011,17,18.2,47.26
1012,14,18.8,24.38
1013,19,28.3,88.6
1014,12,37.6,27.7
1015,18,13.2,30.38
1016,14,1.7,19.01
1017,12,19.9,22.73
1018,13,21.8,18.63
1019,13,6.7,13.66
1020,15,30.4,41.7
1021,15,39.4,42.26
1022,13,37.8,31.84
1023,14,7.9,40.92
1024,19,35.0,37.36
1025,18,28.2,82.93
1026,15,18.2,20.48
1027,14,21.6,18.35
1028,14,34.0,13.99
1029,16,19.2,27.48
1030,11,14.9,15.41
1031,13,19.7,30.19
1032,10,23.2,20.58
1033,15,7.6,15.2
1034,16,36.0,29.22
1035,13,27.0,22.13
1036,18,25.3,20.67
1037,11,4.0,10.17
1038,10,24.2,13.8
1039,15,4.8,40.73
1040,17,3.1,28.96
1041,18,21.1,53.26
1042,13,16.1,12.86
1043,17,23.6,60.76
1044,14,3.6,33.82
1045,14,17.2,11.81
1046,16,7.0,20.15
1047,16,39.5,40.58
1048,10,22.4,24.03
1049,18,27.5,32.31
1050,17,13.0,29.48
1051,12,3.8,13.03
1052,15,39.0,31.61
1053,15,11.5,42.81
1054,15,17.0,21.25
1055,13,26.0,38.18
1056,12,1.0,11.21
1057,14,32.4,20.25
1058,17,21.5,51.47
1059,15,11.1,38.12
1060,13,2.5,24.82
1061,16,6.5,15.6
1062,8,35.8,12.77
1063,17,27.4,53.3
1064,10,10.0,15.9
1065,13,2.6,11.54
1066,11,27.6,25.29
1067,11,22.9,15.47
1068,17,16.2,71.69
1069,13,14.5,42.46
1070,15,8.7,31.95
1071,14,26.8,48.87
1072,15,38.8,31.09
1073,14,7.0,29.74
1074,11,23.9,37.43
1075,16,17.0,35.28
1076,13,17.9,21.64
1077,10,10.2,7.94
1078,13,33.0,24.83
1079,18,19.4,55.89
1080,16,21.7,49.11
1081,13,12.2,26.93
1082,13,7.3,16.04
1083,13,3.4,8.22
1084,19,28.6,38.51
1085,15,7.8,21.82
1086,15,27.6,27.71
1087,17,15.6,44.43
1088,15,16.6,63.75
1089,13,18.8,25.44
1090,14,14.7,23.25
1091,14,4.0,18.34
1092,14,12.4,25.65
1093,16,26.5,24.85
1094,14,26.6,29.74
1095,16,11.4,35.1
1096,14,18.4,28.98
1097,14,7.7,26.71
1098,9,8.4,16.29
1099,16,0.9,11.23
1100,15,35.9,39.95
1101,16,8.4,21.09
1102,8,9.1,8.11
1103,19,11.2,25.31
1104,14,5.1,24.86
1105,17,25.6,34.85
1106,11,3.0,7.48
1107,16,5.4,31.12
1108,11,25.8,11.77
1109,12,13.6,21.57
1110,19,28.3,51.62
1111,14,22.3,39.43
1112,15,10.2,52.85
1113,16,26.0,20.01
1114,15,4.7,22.37
1115,14,21.5,24.61
1116,15,17.5,34.65
1117,20,10.7,47.01
1118,14,24.2,24.34
1119,15,34.9,26.1
1120,17,40.0,23.43
1121,17,24.3,56.2
1122,17,16.2,42.03
1123,16,9.0,40.32
1124,11,10.3,15.36
1125,18,19.2,30.84
1126,11,14.7,12.2
1127,15,36.6,35.59
1128,12,14.7,13.7
1129,14,14.9,53.3
1130,15,15.3,16.77
1131,15,33.5,34.93
1132,15,26.0,58.49
1133,18,24.6,53.24
1134,15,13.4,29.43
1135,13,32.7,17.44
1136,16,1.5,13.36
1137,17,34.8,51.75
1138,11,20.5,36.87
1139,15,15.9,23.94
1140,16,19.9,20.97
1141,13,26.7,9.6
1142,17,0.5,16.83
1143,14,34.9,26.92
1144,14,17.9,50.2
1145,14,13.7,32.68
1146,14,5.5,23.87
1147,11,17.6,16.66
1148,10,19.9,14.37
1149,18,16.1,67.78
1150,12,27.1,25.18
1151,12,16.8,9.23
1152,9,38.5,12.74
1153,12,24.0,16.26
1154,11,32.3,16.93
1155,18,4.4,38.35
1156,17,15.9,33.36
1157,12,13.5,19.74
1158,20,22.8,85.57
1159,16,34.4,26.09
1160,13,3.1,37.89
1161,8,2.9,8.28
1162,20,34.0,53.39
1163,11,8.5,14.98
1164,10,26.8,19.97
1165,17,21.7,44.41
1166,20,33.3,61.44
1167,17,5.0,20.83
1168,15,5.2,14.78
1169,15,22.3,83.21
1170,16,37.9,27.81
1171,16,16.6,42.09
1172,15,13.1,14.35
1173,14,24.3,25.07
1174,14,37.2,26.39
1175,12,33.5,28.02
1176,13,39.8,8.27
1177,10,0.9,13.37
1178,14,4.5,13.01
1179,12,24.4,26.15
1180,11,32.8,13.89
1181,14,11.4,17.03
1182,17,9.6,27.99
1183,16,31.5,22.83
1184,10,2.3,10.75
1185,12,14.8,12.89
1186,16,20.2,15.94
1187,12,22.4,34.07
1188,13,29.1,15.35
1189,15,14.2,25.88
1190,12,24.5,31.06
1191,14,23.4,21.81
1192,11,21.9,14.69
1193,12,25.6,25.3
1194,15,10.4,40.64
1195,10,3.4,8.4
1196,15,4.8,21.58
1197,14,9.0,11.43
1198,15,20.0,25.61
1199,15,33.6,31.73
1200,17,28.1,27.28
1201,14,31.6,23.71
1202,13,14.0,12.93
1203,14,16.2,26.72
1204,15,15.7,43.41
1205,14,7.7,14.32
1206,14,2.4,15.2
1207,12,23.6,27.96
1208,12,39.6,36.2
1209,10,6.7,8.01
1210,18,1.9,26.76
1211,11,31.2,23.63
1212,12,10.1,18.38
1213,12,33.2,8.62
1214,16,28.2,42.47
1215,13,37.8,45.93
1216,17,16.4,36.73
1217,12,26.5,15.35
1218,15,18.6,24.04
1219,12,25.2,46.83
1220,19,18.0,62.92
1221,11,7.5,21.2
1222,15,20.3,34.66
1223,16,21.1,25.7
1224,15,32.4,28.99
1225,14,29.4,27.62
1226,14,26.6,35.3
1227,14,4.5,37.69
1228,14,28.8,44.55
1229,16,20.0,18.77
1230,20,35.8,55.87
1231,13,36.8,33.84
1232,11,2.2,18.38
1233,14,32.8,22.07
1234,20,1.5,111.02
1235,12,14.7,12.45
1236,18,21.7,26.63
1237,18,5.9,34.94
1238,13,29.9,60.14
1239,15,0.3,14.52
1240,18,6.7,29.17
1241,13,23.2,38.78
1242,13,28.6,25.58
1243,13,36.7,22.06
1244,11,28.2,26.43
1245,12,26.9,25.9
1246,11,15.8,28.82
1247,14,0.1,30.51
1248,12,4.8,19.21
1249,15,21.4,34.11
1250,10,27.0,20.72
1251,15,16.7,35.06
1252,16,29.2,35.58
1253,9,20.9,16.58
1254,15,3.0,35.28
1255,17,7.7,55.0
1256,11,33.6,11.48
1257,18,29.0,42.67
1258,15,35.8,23.52
1259,12,4.7,14.96
1260,14,39.6,31.97
1261,15,8.4,32.59
1262,14,0.5,17.62
1263,15,39.9,13.95
1264,12,11.2,13.3
1265,14,26.7,40.58
1266,10,7.1,4.91
1267,14,23.2,44.79
1268,12,36.2,28.21
1269,12,12.8,34.08
1270,17,26.8,35.36
1271,17,7.5,13.1
1272,16,25.0,40.84
1273,11,13.5,30.66
1274,13,8.4,29.6
1275,17,12.5,25.34
1276,14,7.2,22.73
1277,20,36.1,41.2
1278,15,15.9,20.55
1279,14,9.8,34.07
1280,13,17.9,14.85
1281,14,12.8,17.2
1282,14,29.8,18.33
1283,16,38.8,18.44
1284,16,17.5,34.15
1285,12,34.4,36.77
1286,11,22.6,19.09
1287,9,6.3,7.15
1288,15,27.6,43.95
1289,11,20.5,39.63
1290,9,26.0,13.24
1291,15,35.6,25.61
1292,20,17.6,59.12
1293,14,36.0,53.54
1294,16,30.0,28.28
1295,14,19.5,15.84
1296,14,24.1,36.07
1297,16,13.0,41.49
1298,13,39.3,24.75
1299,15,26.7,25.06
1300,15,1.8,31.46
1301,12,13.1,24.97
1302,16,24.9,25.27
1303,14,2.3,19.78
1304,12,1.0,8.91
1305,15,18.0,38.57
1306,12,13.3,18.28
1307,14,17.5,22.15
1308,14,10.5,23.26
1309,17,6.6,29.73
1310,15,27.6,44.93
1311,14,20.6,34.54
1312,16,8.0,25.68
1313,17,12.8,45.03
1314,15,23.7,36.24
1315,14,2.9,16.64
1316,11,5.9,15.02
1317,11,2.9,13.8
1318,13,32.5,31.47
1319,12,30.1,20.15
1320,14,30.1,24.38
1321,14,28.7,62.59
1322,15,26.8,45.64
1323,14,19.1,19.81
1324,15,25.7,39.22
1325,14,1.5,19.93
1326,9,24.9,19.95
1327,12,31.1,24.64
1328,14,20.0,43.64
1329,11,14.3,21.43
1330,15,11.1,25.7
1331,18,25.7,63.92
1332,17,27.7,42.13
1333,13,34.8,26.76
1334,18,13.7,42.21
1335,14,30.8,27.45
1336,13,22.5,25.16
1337,12,35.3,18.2
1338,13,21.1,18.36
1339,13,20.7,16.57
1340,14,23.1,15.95
1341,14,30.0,20.05
1342,14,38.6,25.62
1343,15,2.9,22.76
1344,17,2.1,23.41
1345,16,37.5,13.19
1346,10,21.2,34.5
1347,8,24.6,23.81
1348,16,19.3,39.29
1349,11,3.7,32.08
1350,13,30.7,17.44
1351,11,29.9,44.93
1352,9,12.5,10.08
1353,15,12.2,29.61
1354,16,33.5,20.79
1355,13,2.9,17.97
1356,8,35.2,18.01
1357,13,10.3,19.95
1358,15,23.7,41.09
1359,10,37.4,19.34
1360,14,27.1,23.03
1361,14,16.6,20.76
1362,15,27.6,43.44
1363,14,13.8,19.23
1364,12,11.1,28.15
1365,17,39.9,59.76
1366,14,30.0,14.62
1367,14,25.8,44.45
1368,12,14.2,46.97
1369,13,2.0,19.26
1370,12,1.2,19.61
1371,14,22.2,41.85
1372,18,30.5,38.08
1373,11,21.5,21.91
1374,10,33.6,11.22
1375,18,1.3,29.8
1376,13,14.7,27.99
1377,12,9.5,23.24
1378,17,17.9,54.75
1379,12,2.9,11.85
1380,19,38.2,36.73
1381,16,8.9,59.52
1382,13,36.9,23.72
1383,19,17.0,46.8
1384,12,39.4,21.73
1385,16,22.2,24.3
1386,15,37.2,58.75
1387,17,0.2,19.99
1388,18,29.9,27.09
1389,14,36.1,23.36
1390,12,5.6,7.78
1391,15,3.8,17.24
1392,12,17.0,14.56
1393,19,37.3,58.56
1394,14,21.7,21.03
1395,13,21.1,35.36
1396,14,5.6,37.07
1397,11,0.0,18.42
1398,12,32.4,21.35
1399,17,3.5,28.66
1400,12,25.4,12.54
1401,11,36.6,19.59
1402,15,8.3,17.66
1403,17,26.6,50.5
1404,16,3.1,67.94
1405,16,24.2,41.8
1406,12,6.6,7.99
1407,10,29.4,16.53
1408,18,12.0,38.01
1409,13,18.5,25.01
1410,13,24.0,18.91
1411,17,6.9,32.47
1412,15,29.7,19.16
1413,15,12.1,18.39
1414,19,26.5,60.47
1415,12,6.3,11.75
1416,16,27.5,43.04
1417,14,5.1,12.1
1418,15,17.0,58.65
1419,18,9.9,25.48
1420,15,29.9,28.8
1421,15,10.5,29.72
1422,17,35.3,30.26
1423,13,35.7,26.88
1424,12,7.9,22.99
1425,11,24.6,30.55
1426,9,3.5,16.7
1427,19,15.7,39.59
1428,11,28.5,19.89
1429,13,26.4,65.57
1430,13,25.0,37.24
1431,15,11.3,18.29
1432,16,15.1,32.44
1433,16,4.1,21.78
1434,13,28.8,24.41
1435,14,20.2,16.61
1436,15,28.4,26.68
1437,13,10.0,43.54
1438,18,13.0,46.37
1439,15,13.4,10.13
1440,16,1.0,37.23
1441,16,13.6,47.09
1442,17,32.1,33.25
1443,14,35.9,37.32
1444,11,20.7,14.34
1445,15,18.2,24.35
1446,12,1.2,28.1
1447,13,35.2,22.83
1448,15,0.5,9.66
1449,17,37.8,36.39
1450,14,19.6,26.16
1451,15,13.7,44.53
1452,18,37.0,41.74
1453,15,1.0,17.46
1454,21,23.3,85.22
1455,15,22.0,32.01
1456,10,8.8,11.3
1457,16,17.2,50.88
1458,15,26.1,33.78
1459,17,29.1,38.5
1460,16,0.0,23.86
1461,14,37.5,18.06
1462,11,6.6,13.0
1463,13,9.3,20.87
1464,12,10.5,17.86
1465,13,1.5,28.59
1466,15,4.9,25.09
1467,18,39.5,57.24
1468,15,12.6,27.18
1469,11,4.6,23.34
1470,15,4.3,26.53
1471,17,28.8,38.65
1472,12,34.2,23.01
1473,14,10.3,16.02
1474,14,0.8,22.82
1475,12,8.9,18.39
1476,16,2.3,19.38
1477,14,4.1,31.76
1478,15,17.3,17.62
1479,12,9.2,15.87
1480,13,20.6,37.24
1481,16,10.1,32.43
1482,13,37.6,24.58
1483,18,36.2,46.11
1484,13,22.7,26.98
1485,15,14.2,15.15
1486,16,15.2,27.15
1487,10,16.5,33.29
1488,10,29.1,14.67
1489,10,18.1,15.67
1490,17,34.3,30.7
1491,13,37.8,24.17
1492,20,13.4,35.86
1493,13,22.4,30.45
1494,14,3.8,21.88
1495,18,8.0,45.51
1496,19,16.5,28.19
1497,19,8.2,32.37
1498,17,35.1,34.71
1499,17,6.3,34.89
1500,15,18.2,21.4
1501,16,24.2,49.38
1502,13,27.7,41.34
1503,12,15.3,14.11
1504,14,34.8,23.16
1505,14,22.7,22.44
1506,13,17.6,68.43
1507,16,2.7,20.19
1508,16,18.6,63.81
1509,14,32.8,17.1
1510,18,24.6,28.2
1511,11,33.3,15.96
1512,14,19.8,19.28
1513,12,4.7,15.24
1514,9,0.5,8.44
1515,14,12.1,17.51
1516,14,27.9,45.21
1517,18,31.6,69.28
1518,16,11.8,43.15
1519,11,19.8,24.73
1520,19,16.8,44.73
1521,17,16.4,28.76
1522,15,9.3,17.35
1523,13,5.5,22.06
1524,12,7.9,11.42
1525,13,2.2,11.78
1526,17,7.9,47.82
1527,19,0.4,64.8
1528,18,25.1,49.17
1529,13,12.7,34.54
1530,11,38.9,18.39
1531,14,7.7,13.03
1532,10,13.8,21.42
1533,15,14.3,34.98
1534,14,0.3,18.89
1535,13,33.6,23.26
1536,10,1.3,18.59
1537,15,37.6,20.63
1538,13,35.7,18.62
1539,11,21.4,13.6
1540,8,21.7,15.64
1541,14,26.2,18.31
1542,18,15.5,29.11
1543,18,25.9,31.79
1544,13,1.8,15.61
1545,12,2.2,8.74
1546,15,18.3,30.46
1547,12,22.0,37.22
1548,15,35.5,32.75
1549,16,4.2,46.22
1550,17,32.9,65.33
1551,14,8.4,30.81
1552,13,15.8,24.01
1553,12,12.7,20.26
1554,12,16.0,28.72
1555,13,6.0,16.54
1556,15,20.1,14.13
1557,16,32.1,42.29
1558,12,17.7,13.76
1559,18,19.6,27.42
1560,13,34.0,25.59
1561,14,28.2,27.4
1562,12,19.6,12.57
1563,8,10.3,13.77
1564,16,35.4,50.5
1565,16,23.1,21.64
1566,13,8.8,34.3
1567,14,10.8,12.69
1568,15,32.1,73.31
1569,10,1.8,10.88
1570,13,39.7,26.08
1571,16,5.2,12.01
1572,11,31.8,20.56
1573,15,15.8,31.2
1574,11,19.7,19.34
1575,15,35.2,24.81
1576,14,16.5,17.82
1577,10,21.5,28.96
1578,17,2.0,26.3
1579,12,0.1,27.64
1580,12,9.8,15.41
1581,15,27.2,26.37
1582,17,4.9,38.86
1583,11,4.6,7.98
1584,14,16.4,16.0
1585,15,25.9,48.46
1586,16,28.5,21.76
1587,14,7.1,10.6
1588,13,3.2,38.01
1589,12,37.6,12.98
1590,14,10.4,25.33
1591,11,34.1,21.52
1592,8,34.5,5.03
1593,15,30.9,28.29
1594,16,6.8,31.79
1595,8,32.9,17.95
1596,11,30.8,30.3
1597,16,23.9,29.26
1598,19,13.5,54.53
1599,14,10.5,17.89
1600,12,4.9,9.68
1601,14,20.4,16.2
1602,17,23.4,20.98
1603,12,14.4,30.93
1604,12,19.0,11.99
1605,13,14.5,25.54
1606,12,25.6,20.78
1607,14,36.1,26.86
1608,18,6.6,55.74
1609,15,15.3,23.71
1610,13,5.6,24.48
1611,13,25.0,25.86
1612,10,29.2,17.97
1613,16,37.3,85.07
1614,14,11.2,13.41
1615,14,38.0,46.23
1616,22,2.5,56.56
1617,15,24.1,25.56
1618,12,2.3,30.5
1619,13,35.8,12.11
1620,17,21.2,30.04
1621,14,26.8,17.49
1622,10,33.3,22.41
1623,16,6.0,16.73
1624,12,1.5,18.51
1625,19,35.2,43.04
1626,17,12.6,27.3
1627,13,5.2,22.13
1628,17,18.7,32.43
1629,14,23.9,18.1
1630,16,1.2,70.59
1631,15,11.0,21.64
1632,12,1.3,6.37
1633,12,16.8,15.28
1634,17,35.8,22.79
1635,13,39.3,34.37
1636,13,25.5,29.03
1637,12,6.5,20.75
1638,15,36.2,26.64
1639,19,20.6,40.23
1640,11,6.1,13.7
1641,14,36.9,26.95
1642,18,30.3,59.39
1643,14,29.3,32.6
1644,15,28.4,38.43
1645,11,8.0,20.25
1646,15,8.4,35.57
1647,14,27.5,31.89
1648,16,8.8,32.09
1649,17,17.5,57.28
1650,20,31.3,39.77
1651,15,31.4,22.35
1652,15,18.1,18.27
1653,14,31.7,30.62
1654,13,33.5,12.21
1655,15,26.2,37.62
1656,13,9.1,19.86
1657,14,11.0,37.43
1658,17,12.6,25.27
1659,11,4.7,14.12
1660,17,10.9,50.25
1661,17,8.4,52.96
1662,14,18.2,20.26
1663,9,36.3,18.22
1664,12,4.2,18.81
1665,17,28.8,44.65
1666,14,27.5,25.58
1667,12,3.8,27.66
1668,13,36.9,11.83
1669,16,22.7,28.65
1670,15,14.5,33.44
1671,13,30.3,30.96
1672,13,10.3,36.49
1673,13,27.7,41.54
1674,12,1.6,13.9
1675,18,33.6,71.06
1676,13,17.9,18.02
1677,17,25.5,55.26
1678,18,8.8,70.14
1679,16,27.1,56.36
1680,13,30.9,26.89
1681,15,18.9,25.95
1682,14,24.7,15.25
1683,12,18.3,24.66
1684,15,35.8,19.83
1685,11,19.9,14.61
1686,17,33.7,23.74
1687,13,32.1,21.41
1688,15,16.4,28.41
1689,15,9.2,28.31
1690,13,16.2,18.45
1691,15,33.0,48.09
1692,13,9.1,19.08
1693,16,21.0,24.39
1694,11,32.2,23.06
1695,14,14.1,55.13
1696,19,25.7,53.24
1697,11,9.8,14.9
1698,12,4.4,9.12
1699,15,31.8,28.81
1700,14,4.0,22.31
1701,15,10.9,22.46
1702,15,34.2,16.04
1703,16,13.9,21.75
1704,17,38.9,66.16
1705,15,39.2,53.59
1706,13,10.7,15.02
1707,16,1.6,30.48
1708,19,28.2,29.28
1709,14,18.0,46.53
1710,12,4.0,18.37
1711,17,28.3,56.17
1712,14,1.2,9.49
1713,9,34.8,22.41
1714,16,5.5,25.74
1715,13,5.1,26.59
1716,14,7.0,31.57
1717,15,38.4,31.22
1718,14,27.7,22.36
1719,16,32.1,47.45
1720,13,15.9,22.8
1721,15,13.5,19.37
1722,13,9.4,14.43
1723,16,19.2,18.19
1724,16,22.1,27.51
1725,12,25.3,35.87
1726,17,10.3,34.01
1727,13,37.9,20.22
1728,16,6.8,36.69
1729,15,38.6,21.75
1730,19,0.6,31.68
1731,13,19.2,22.65
1732,13,13.3,30.65
1733,14,18.0,14.11
1734,13,22.8,17.89
1735,16,17.4,16.7
1736,10,16.6,15.74
1737,11,29.3,34.27
1738,11,27.4,17.19
1739,16,33.3,28.22
1740,18,10.0,49.34
1741,14,24.4,43.02
1742,14,23.4,26.92
1743,14,14.8,33.39
1744,17,19.4,23.65
1745,12,12.6,34.78
1746,15,5.7,55.35
1747,16,8.6,34.07
1748,15,4.2,9.82
1749,14,27.3,22.72
1750,17,26.4,48.85
1751,8,38.0,12.8
1752,16,29.2,57.89
1753,12,2.1,20.0
1754,9,35.4,12.85
1755,15,34.5,31.59
1756,17,17.7,24.96
1757,14,23.4,25.93
1758,16,39.0,26.77
1759,18,21.3,65.5
1760,17,36.2,87.98
1761,18,3.3,16.8
1762,16,7.6,12.56
1763,14,17.6,23.94
1764,10,23.4,10.18
1765,13,32.6,26.18
1766,12,39.5,30.09
1767,19,15.6,76.96
1768,14,1.9,20.81
1769,14,32.0,26.33
1770,15,24.2,14.04
1771,14,7.9,22.58
1772,18,19.8,41.53
1773,12,29.7,30.13
1774,14,30.8,21.46
1775,12,20.0,18.65
1776,11,12.2,9.98
1777,12,38.9,8.97
1778,14,26.5,18.18
1779,13,16.3,12.53
1780,12,11.2,22.38
1781,10,29.2,15.53
1782,14,9.7,18.7
1783,10,6.9,9.86
1784,16,21.2,9.19
1785,14,11.6,43.99
1786,10,25.2,12.66
1787,13,4.7,15.89
1788,12,26.2,12.95
1789,15,11.3,39.04
1790,17,0.0,25.99
1791,9,5.1,9.11
1792,14,37.3,23.72
1793,14,34.7,55.16
1794,16,9.3,27.32
1795,15,31.1,29.27
1796,12,24.3,15.76
1797,13,38.8,11.62
1798,12,14.9,19.54
1799,17,27.3,43.66
1800,14,2.5,30.35
1801,19,15.8,17.3
1802,14,38.6,17.52
1803,12,21.6,17.85
1804,10,11.5,16.08
1805,9,4.8,11.88
1806,10,28.1,18.17
1807,15,25.8,36.76
1808,15,15.0,19.6
1809,10,38.0,26.88
1810,16,0.9,27.1
1811,13,12.1,19.35
1812,14,36.8,52.82
1813,18,12.8,68.39
1814,16,10.1,41.47
1815,13,21.4,7.43
1816,12,33.0,43.69
1817,9,4.1,17.0
1818,12,37.7,50.54
1819,13,31.8,42.24
1820,12,7.3,33.87
1821,14,28.5,40.46
1822,14,15.4,43.94
1823,13,16.1,51.98
1824,12,31.3,25.43
1825,14,38.5,14.66
1826,15,5.1,20.41
1827,11,16.8,22.63
1828,18,19.2,41.35
1829,14,15.1,15.48
1830,14,14.5,13.17
1831,16,2.1,17.53
1832,15,27.4,43.37
1833,16,17.4,60.54
1834,15,7.8,35.52
1835,12,32.6,35.5
1836,15,32.1,30.43
1837,11,19.5,9.95
1838,14,11.9,20.18
1839,14,25.5,25.44
1840,13,11.5,17.82
1841,14,9.4,23.58
1842,9,29.2,20.62
1843,13,1.6,24.25
1844,14,3.8,18.09
1845,14,0.3,8.56
1846,11,6.1,13.09
1847,17,2.8,27.02
1848,12,39.8,36.26
1849,16,11.6,23.4
1850,15,6.0,28.97
1851,12,9.6,21.3
1852,18,37.4,42.09
1853,11,20.8,29.37
1854,16,14.6,23.74
1855,17,34.9,30.2
1856,12,15.8,21.0
1857,17,13.4,25.95
1858,13,8.3,24.97
1859,15,15.1,21.2
1860,15,12.7,29.68
1861,14,27.1,27.27
1862,16,11.6,32.02
1863,16,23.1,28.28
1864,10,2.6,11.47
1865,17,7.7,31.15
1866,10,16.3,18.86
1867,17,37.5,37.35
1868,17,15.1,68.1
1869,11,26.6,14.12
1870,13,10.2,20.66
1871,11,5.1,8.25
1872,13,2.3,20.42
1873,13,12.2,14.09
1874,16,6.3,23.52
1875,17,7.0,25.43
1876,17,30.4,43.05
1877,13,0.6,13.43
1878,13,22.3,19.73
1879,10,15.2,30.4
1880,12,20.3,24.94
1881,16,22.5,27.05
1882,18,12.5,33.02
1883,11,11.8,34.56
1884,13,29.3,23.47
1885,14,34.9,21.38
1886,15,7.7,18.68
1887,12,3.9,13.33
1888,15,35.9,24.4
1889,13,14.0,13.6
1890,14,22.1,17.61
1891,15,14.4,20.01
1892,14,5.0,26.44
1893,13,23.6,21.69
1894,14,21.0,25.2
1895,14,8.1,37.29
1896,13,18.1,40.32
1897,13,31.9,23.0
1898,18,23.6,32.37
1899,15,3.9,15.85
1900,13,21.9,32.93
1901,16,28.1,32.02
1902,13,31.7,22.06
1903,17,25.2,27.46
1904,15,6.1,17.4
1905,14,28.4,32.35
1906,15,27.1,18.53
1907,10,1.0,18.67
1908,11,16.5,15.56
1909,11,13.3,17.31
1910,14,26.8,16.61
1911,18,8.6,33.68
1912,20,23.6,44.63
1913,16,36.5,33.4
1914,15,31.9,56.65
1915,9,36.9,18.13
1916,13,39.1,18.0
1917,12,0.4,11.34
1918,12,24.9,29.23
1919,14,16.5,43.75
1920,13,34.4,28.59
1921,9,10.1,18.67
1922,16,39.2,42.57
1923,11,24.5,36.7
1924,15,31.7,14.42
1925,19,3.4,43.11
1926,12,7.3,26.75
1927,8,30.3,9.16
1928,13,0.9,11.84
1929,17,32.7,27.28
1930,19,0.6,22.76
1931,11,26.3,17.29
1932,15,14.6,30.83
1933,13,24.5,35.91
1934,14,27.8,43.82
1935,21,13.7,35.95
1936,10,4.3,9.8
1937,15,2.8,36.82
1938,15,23.6,39.96
1939,17,20.8,38.13
1940,14,29.7,34.44
1941,15,20.4,29.72
1942,13,16.9,29.2
1943,15,15.9,24.94
1944,13,1.1,18.89
1945,16,13.4,16.58
1946,13,39.0,18.8
1947,15,34.9,23.74
1948,14,13.2,21.3
1949,17,23.5,26.01
1950,14,33.9,22.85
1951,10,17.7,9.66
1952,17,0.7,31.21
1953,12,3.0,15.67
1954,12,20.4,11.27
1955,13,38.8,17.77
1956,17,27.7,43.91
1957,9,2.8,9.62
1958,22,7.6,37.33
1959,17,30.9,37.33
1960,15,33.7,35.9
1961,14,24.7,15.82
1962,15,25.8,38.91
1963,15,1.1,15.08
1964,16,33.1,34.39
1965,15,31.5,31.02
1966,14,10.4,19.04
1967,14,28.3,18.9
1968,14,8.6,20.22
1969,14,1.6,36.5
1970,17,8.0,17.54
1971,15,7.1,47.74
1972,8,13.5,12.31
1973,16,16.7,32.34
1974,14,20.3,17.61
1975,14,19.1,19.72
1976,13,10.8,17.55
1977,17,1.2,16.71
1978,16,24.2,31.49
1979,12,15.8,17.94
1980,15,11.9,56.11
1981,12,34.7,14.48
1982,11,29.9,22.0
1983,12,34.3,25.53
1984,16,19.8,21.54
1985,16,5.2,33.72
1986,15,27.8,26.8
1987,16,8.2,10.14
1988,15,17.6,38.0
1989,12,2.6,10.26
1990,15,33.0,20.62
1991,16,5.0,33.57
1992,16,36.1,29.74
1993,17,34.6,54.96
1994,16,18.6,52.93
1995,15,29.8,24.34
1996,17,24.8,52.13
1997,14,32.1,21.02
1998,12,17.3,52.58
1999,14,31.4,21.58
2000,12,18.5,32.93
2001,12,37.6,31.76
2002,14,19.5,30.59
2003,12,18.5,16.71
2004,13,31.4,24.25
2005,9,32.9,7.28
2006,15,22.2,33.42
2007,14,7.2,25.27
2008,12,18.7,23.1
2009,16,38.7,10.2
2010,16,30.1,20.98
2011,10,32.4,14.12
2012,12,1.3,17.38
2013,12,18.7,24.58
2014,12,25.9,21.61
2015,16,33.2,44.66
2016,14,2.0,12.76
2017,13,34.1,32.65
2018,9,21.9,20.23
2019,16,7.9,31.71
2020,11,12.7,16.9
2021,14,11.3,49.75
2022,15,21.2,36.92
2023,17,2.1,17.68
2024,11,6.3,17.63
2025,8,32.5,21.07
2026,14,5.3,16.61
2027,19,9.3,58.69
2028,17,18.1,41.78
2029,15,20.7,11.82
2030,13,30.5,29.07
2031,16,17.9,27.5
2032,12,31.6,28.89
2033,15,24.7,45.32
2034,15,4.5,24.62
2035,17,6.3,56.49
2036,21,17.5,49.41
2037,15,15.9,36.6
2038,13,29.7,35.59
2039,14,23.2,26.79
2040,10,15.5,23.49
2041,12,6.8,14.07
2042,13,9.1,17.5
2043,13,23.0,14.89
2044,14,16.9,28.83
2045,12,20.6,25.43
2046,17,6.8,47.14
2047,14,26.5,38.88
2048,14,34.1,25.22
2049,13,10.3,13.26
2050,14,19.7,32.13
2051,16,39.0,52.12
2052,12,13.3,27.47
2053,12,23.8,35.32
2054,13,3.6,16.73
2055,11,24.2,17.23
2056,12,3.6,12.26
2057,13,38.4,24.35
2058,16,28.6,33.7
2059,15,31.5,34.18
2060,14,28.2,27.02
2061,16,23.6,32.33
2062,14,18.0,19.44
2063,15,34.3,45.48
2064,14,38.3,28.4
2065,15,20.0,27.93
2066,13,37.3,18.63
2067,8,23.3,8.98
2068,14,21.5,46.4
2069,18,18.2,49.5
2070,16,8.4,14.39
2071,16,0.1,30.26
2072,17,9.7,45.25
2073,14,20.4,28.6
2074,14,15.2,48.41
2075,12,17.9,23.66
2076,13,39.2,14.02
2077,16,14.0,35.45
2078,17,18.1,39.53
2079,14,5.3,16.52
2080,13,1.9,21.87
2081,14,31.0,14.62
2082,16,22.8,50.43
2083,10,30.4,13.45
2084,8,6.0,7.91
2085,13,22.9,24.02
2086,11,10.1,20.62
2087,13,9.1,22.15
2088,14,0.5,13.69
2089,13,5.2,15.49
2090,18,12.4,23.14
2091,15,4.7,20.89
2092,15,39.4,46.32
2093,16,12.3,29.74
2094,11,5.2,21.9
2095,17,8.0,54.02
2096,14,23.5,22.06
2097,16,2.6,22.17
2098,11,34.5,49.82
2099,10,38.5,32.85
2100,16,9.9,14.56
2101,15,18.0,34.22
2102,12,0.9,15.28
2103,12,25.6,32.17
2104,17,16.6,26.09
2105,11,10.8,12.55
2106,18,8.3,25.62
2107,12,26.2,18.43
2108,16,16.6,44.12
2109,13,7.2,12.39
2110,16,27.6,27.06
2111,13,22.6,12.27
2112,14,34.3,42.24
2113,14,4.7,34.41
2114,11,31.4,18.51
2115,16,26.9,30.76
2116,13,4.6,22.39
2117,13,27.8,46.4
2118,12,17.7,25.47
2119,8,37.8,11.48
2120,14,5.7,11.09
2121,20,25.7,32.94
2122,16,15.3,32.17
2123,14,38.3,21.19
2124,13,13.2,24.21
2125,14,38.5,22.04
2126,15,36.1,20.25
2127,11,10.8,10.97
2128,17,32.1,71.71
2129,16,39.8,47.34
2130,16,10.1,57.07
2131,15,17.5,36.14
2132,14,20.8,23.01
2133,16,11.8,50.08
2134,15,0.6,20.18
2135,13,8.8,22.5
2136,13,11.3,21.28
2137,14,17.7,8.13
2138,18,6.8,61.79
2139,11,34.9,25.39
2140,10,28.2,21.76
2141,14,3.4,19.53
2142,14,26.0,30.19
2143,14,26.1,22.28
2144,15,38.2,38.96
2145,13,0.1,9.78
2146,18,9.9,37.44
2147,10,37.1,23.32
2148,12,37.3,20.99
2149,14,28.8,33.04
2150,10,30.6,12.85
2151,14,3.7,13.69
2152,18,20.6,44.7
2153,14,9.3,30.16
2154,15,7.2,11.49
2155,11,32.4,25.94
2156,12,5.4,13.88
2157,13,18.7,22.41
2158,13,37.5,14.67
2159,17,7.4,21.22
2160,15,39.1,44.47
2161,11,39.8,20.4
2162,15,22.2,26.22
2163,15,6.8,22.98
2164,17,12.6,40.25
2165,18,17.0,46.59
2166,11,12.4,17.54
2167,12,11.2,30.29
2168,11,38.9,29.92
2169,13,6.1,22.89
2170,15,29.3,32.19
2171,16,0.0,28.89
2172,14,23.8,31.71
2173,13,36.6,38.56
2174,14,11.5,34.43
2175,12,7.4,12.03
2176,19,26.1,30.2
2177,10,28.5,14.42
2178,14,27.5,41.99
2179,19,12.8,21.57
2180,14,10.1,27.38
2181,14,38.2,31.85
2182,13,36.9,40.09
2183,14,18.3,28.61
2184,17,33.8,22.32
2185,8,18.1,9.93
2186,18,17.0,24.35
2187,10,6.3,11.63
2188,13,17.1,22.04
2189,13,21.5,15.61
2190,15,0.9,37.15
2191,10,17.8,10.43
2192,15,31.3,53.93
2193,19,27.2,75.2
2194,11,25.4,29.93
2195,14,36.4,21.16
2196,12,0.7,17.43
2197,15,22.3,18.34
2198,14,31.5,40.99
2199,12,21.7,21.88
2200,15,13.0,23.13
2201,19,5.5,21.31
2202,14,35.5,10.42
2203,16,18.8,21.59
2204,11,35.1,32.52
2205,12,23.4,19.44
2206,15,27.0,29.3
2207,18,32.2,55.14
2208,15,26.4,64.44
2209,13,15.9,39.68
2210,14,20.5,18.47
2211,11,32.1,9.69
2212,16,14.9,79.88
2213,16,15.5,77.7
2214,13,3.8,19.74
2215,13,36.6,15.18
2216,15,3.6,32.72
2217,13,25.9,24.5
2218,14,16.5,24.88
2219,19,16.2,61.12
2220,13,27.2,29.36
2221,13,2.7,11.05
2222,12,23.7,20.1
2223,16,30.9,45.33
2224,14,33.1,34.79
2225,12,6.8,19.81
2226,17,35.9,54.93
2227,18,26.2,36.53
2228,12,35.3,24.72
2229,9,19.4,4.24
2230,17,21.7,31.05
2231,12,36.8,30.96
2232,16,36.0,29.25
2233,9,17.9,13.34
2234,16,11.0,19.15
2235,11,15.7,28.49
2236,16,15.5,39.03
2237,14,11.5,33.4
2238,12,10.7,9.72
2239,13,34.4,23.95
2240,16,2.8,21.5
2241,14,27.1,25.37
2242,15,6.9,18.86
2243,19,13.8,35.87
2244,10,2.5,18.37
2245,18,10.8,16.45
2246,14,30.7,58.01
2247,12,35.4,27.91
2248,11,8.9,16.6
2249,14,18.5,38.36
2250,16,18.8,18.3
2251,14,34.9,21.58
2252,18,30.5,40.51
2253,10,20.5,31.54
2254,14,26.8,27.84
2255,11,33.9,25.09
2256,15,0.4,16.05
2257,16,16.1,38.41
2258,13,36.3,49.46
2259,8,29.6,23.29
2260,14,21.7,26.66
2261,15,21.2,39.7
2262,15,13.9,34.87
2263,17,20.8,45.17
2264,11,26.2,32.71
2265,16,16.7,49.59
2266,17,28.6,36.53
2267,10,34.4,24.46
2268,15,6.2,20.35
2269,13,18.1,16.6
2270,14,16.3,23.3
2271,15,27.5,30.46
2272,13,10.0,10.86
2273,12,25.6,32.61
2274,14,35.1,9.3
2275,11,16.7,57.27
2276,11,36.4,37.71
2277,16,39.7,29.91
2278,11,4.2,15.21
2279,16,9.3,31.73
2280,15,38.0,24.1
2281,10,38.3,19.93
2282,12,3.9,15.67
2283,17,0.6,24.05
2284,12,6.4,19.01
2285,13,39.8,14.53
2286,15,7.2,24.68
2287,16,20.1,35.39
2288,13,33.9,26.94
2289,13,0.8,15.45
2290,18,24.2,65.9
2291,18,11.1,30.86
2292,16,34.5,37.74
2293,14,11.3,40.24
2294,12,27.5,22.53
2295,12,27.0,25.31
2296,15,8.9,24.24
2297,15,1.4,34.32
2298,18,16.4,34.95
2299,16,11.6,49.08
2300,10,32.4,18.28
2301,17,32.0,27.23
2302,12,18.3,28.59
2303,13,24.3,22.46
2304,15,24.2,39.69
2305,19,33.1,15.7
2306,22,17.0,58.42
2307,16,11.0,24.19
2308,14,10.6,15.43
2309,15,21.4,24.34
2310,16,18.0,25.74
2311,13,17.6,23.43
2312,18,3.6,17.39
2313,15,28.7,35.72
2314,15,8.5,43.23
2315,16,7.9,30.5
2316,15,16.5,39.75
2317,16,9.1,43.36
2318,12,23.4,37.43
2319,13,14.9,48.59
2320,11,18.0,16.08
2321,15,21.5,22.79
2322,16,8.1,37.51
2323,15,6.2,31.53
2324,18,35.2,57.21
2325,14,17.3,56.02
2326,16,16.5,31.92
2327,11,1.4,16.65
2328,13,19.9,16.56
2329,16,22.2,79.32
2330,16,22.4,29.55
2331,13,28.3,22.77
2332,14,7.1,19.09
2333,10,10.1,12.11
2334,13,32.4,19.21
2335,16,37.9,27.37
2336,15,5.4,13.49
2337,15,19.9,21.87
2338,14,8.6,49.4
2339,14,2.4,26.14
2340,12,13.0,29.26
2341,16,5.7,41.55
2342,15,28.4,65.52
2343,15,21.3,14.94
2344,13,5.8,11.75
2345,9,0.4,8.08
2346,17,32.3,31.8
2347,13,7.0,17.57
2348,12,24.2,19.2
2349,16,13.5,33.16
2350,13,23.4,25.6
2351,17,12.6,24.78
2352,16,3.5,10.26
2353,16,8.9,18.74
2354,11,7.5,13.17
2355,17,17.1,32.08
2356,15,26.3,19.91
2357,13,10.6,17.54
2358,14,0.5,11.73
2359,10,20.8,17.41
2360,15,24.2,20.17
2361,11,38.5,14.5
2362,11,23.6,12.25
2363,10,18.8,16.88
2364,17,22.9,26.54
2365,12,37.1,32.7
2366,18,33.1,49.77
2367,13,12.9,21.68
2368,10,9.5,11.25
2369,11,10.5,20.33
2370,17,20.2,48.33
2371,14,29.8,30.18
2372,13,20.1,46.65
2373,14,2.7,23.61
2374,15,28.9,45.37
2375,17,32.2,40.48
2376,18,11.6,47.02
2377,13,26.6,18.64
2378,11,17.1,16.17
2379,13,35.6,29.2
2380,15,33.8,35.86
2381,12,21.0,27.46
2382,12,27.7,36.14
2383,15,35.3,17.56
2384,14,19.8,18.33
2385,14,12.5,26.82
2386,12,30.1,17.47
2387,13,8.8,79.55
2388,12,15.5,25.84
2389,16,34.6,33.38
2390,17,29.0,31.29
2391,9,16.2,12.96
2392,12,8.6,18.78
2393,10,14.2,17.65
2394,12,11.4,16.34
2395,14,7.0,19.63
2396,10,29.7,32.71
2397,12,10.1,33.3
2398,11,18.2,21.78
2399,15,15.4,16.57
2400,14,39.3,33.86
2401,12,15.6,39.2
2402,14,3.2,34.42
2403,13,3.6,24.41
2404,13,23.6,44.64
2405,18,24.0,42.66
2406,17,16.8,45.31
2407,11,17.3,14.83
2408,16,2.2,26.56
2409,16,20.7,56.72
2410,11,20.2,15.9
2411,16,6.0,18.49
2412,18,4.2,31.66
2413,11,4.9,14.09
2414,12,4.0,21.6
2415,17,24.4,31.59
2416,15,7.9,49.02
2417,15,10.1,15.41
2418,15,6.9,39.87
2419,15,38.3,22.41
2420,11,34.2,10.2
2421,17,9.2,34.1
2422,17,13.1,30.13
2423,13,8.4,13.1
2424,14,19.7,13.79
2425,10,0.8,12.43
2426,15,26.9,46.31
2427,15,20.9,38.2
2428,14,35.9,28.65
2429,17,6.6,35.42
2430,13,32.2,25.45
2431,15,31.7,17.76
2432,11,5.1,8.77
2433,14,15.9,23.81
2434,14,6.8,20.43
2435,15,10.2,36.38
2436,13,10.5,28.89
2437,14,22.2,35.23
2438,16,16.5,28.39
2439,13,37.9,14.39
2440,10,5.1,16.51
2441,18,38.9,50.4
2442,17,9.2,11.93
2443,11,30.9,15.12
2444,16,13.6,23.07
2445,13,5.7,20.14
2446,15,34.3,22.63
2447,15,12.4,26.55
2448,13,26.4,23.55
2449,12,22.7,21.31
2450,12,18.9,16.47
2451,12,19.8,17.16
2452,12,29.3,15.14
2453,14,3.5,23.36
2454,12,26.7,29.17
2455,16,35.8,25.15
2456,18,2.3,53.25
2457,13,5.6,16.9
2458,15,28.7,58.04
2459,15,17.5,22.53
2460,15,16.1,12.72
2461,14,5.5,24.78
2462,16,20.3,36.67
2463,15,5.1,23.4
2464,11,19.1,15.38
2465,16,30.5,34.33
2466,16,10.3,23.38
2467,12,19.2,19.51
2468,14,39.7,38.08
2469,16,27.5,37.36
2470,13,33.7,32.7
2471,17,16.6,32.05
2472,20,30.7,45.28
2473,12,1.6,9.83
2474,11,4.9,13.3
2475,15,8.1,6.57
2476,16,16.1,24.95
2477,13,33.8,24.78
2478,18,13.9,46.76
2479,11,26.2,18.83
2480,16,28.4,39.95
2481,12,23.4,9.55
2482,18,14.3,36.74
2483,19,23.1,23.44
2484,12,13.7,12.6
2485,13,3.4,16.78
2486,16,39.7,55.33
2487,13,5.1,21.94
2488,14,2.9,19.88
2489,14,35.1,27.91
2490,9,12.1,11.07
2491,14,26.0,22.75
2492,12,13.2,24.03
2493,13,15.7,13.37
2494,18,10.5,44.56
2495,11,13.7,15.83
2496,16,16.4,44.17
2497,13,28.8,37.85
2498,13,20.5,12.62
2499,16,37.7,26.77
2500,15,1.7,14.98
2501,15,20.1,14.53
2502,16,23.4,22.53
2503,13,36.8,66.91
2504,12,2.0,20.1
2505,11,22.9,44.34
2506,12,34.1,32.23
2507,21,9.7,34.7
2508,17,35.1,32.61
2509,11,0.8,17.43
2510,11,29.3,25.15
2511,15,37.3,24.34
2512,15,26.3,17.1
2513,15,17.6,108.61
2514,13,1.8,16.38
2515,14,36.8,24.45
2516,15,18.8,30.96
2517,14,1.2,17.07
2518,8,27.6,16.38
2519,13,19.3,40.74
2520,12,5.0,16.23
2521,14,8.6,14.23
2522,21,2.6,36.94
2523,15,23.0,25.52
2524,13,24.9,44.99
2525,16,20.2,53.02
2526,15,32.7,32.77
2527,15,34.4,18.7
2528,16,24.6,21.01
2529,19,0.5,30.61
2530,11,27.8,24.1
2531,15,16.7,24.83
2532,12,22.6,18.74
2533,15,26.0,24.65
2534,12,14.0,20.34
2535,13,36.7,9.72
2536,13,5.4,12.25
2537,16,26.9,26.96
2538,16,0.2,36.17
2539,11,37.0,14.88
2540,14,4.5,22.13
2541,12,3.8,18.12
2542,11,13.3,30.88
2543,13,14.9,38.16
2544,13,8.6,20.03
2545,20,23.4,42.02
2546,15,17.7,22.4
2547,11,1.4,12.73
2548,13,12.8,18.69
2549,17,32.4,47.87
2550,19,27.6,55.44
2551,10,29.0,24.2
2552,9,27.9,28.55
2553,19,12.4,84.86
2554,15,4.0,23.61
2555,12,10.9,30.19
2556,15,33.3,27.22
2557,8,39.2,24.08
2558,14,19.8,41.35
2559,15,0.4,30.41
2560,16,5.6,26.84
2561,11,12.9,13.96
2562,14,23.1,15.94
2563,12,3.0,15.95
2564,15,37.7,56.45
2565,12,14.6,18.31
2566,13,36.5,34.57
2567,12,31.2,32.68
2568,16,30.2,31.08
2569,16,24.3,57.98
2570,13,25.1,7.96
2571,14,25.5,17.3
2572,10,25.1,13.09
2573,13,22.1,18.02
2574,14,39.5,31.18
2575,21,29.3,64.44
2576,11,31.1,24.71
2577,18,34.9,53.33
2578,16,8.6,18.94
2579,15,3.4,13.57
2580,18,19.3,47.06
2581,15,20.6,23.42
2582,15,33.2,16.72
2583,14,17.8,39.0
2584,17,22.8,65.52
2585,17,21.1,68.93
2586,12,1.5,16.77
2587,11,24.6,26.73
2588,13,33.1,44.39
2589,12,6.3,13.63
2590,14,23.8,43.59
2591,17,23.7,42.12
2592,13,6.6,28.25
2593,14,4.9,22.43
2594,14,39.2,45.89
2595,16,15.7,34.39
2596,8,9.1,6.94
2597,12,6.9,31.91
2598,15,26.7,21.45
2599,17,24.4,62.52
2600,13,25.7,24.65
2601,9,3.5,19.49
2602,16,35.7,53.92
2603,12,15.6,24.98
2604,11,12.5,22.22
2605,12,18.5,25.86
2606,14,15.6,11.48
2607,12,34.5,24.22
2608,8,37.2,9.76
2609,16,12.1,31.78
2610,17,34.6,24.11
2611,16,31.3,21.65
2612,11,37.2,39.09
2613,13,9.8,32.28
2614,14,23.1,27.78
2615,15,11.0,28.31
2616,16,33.0,31.39
2617,12,0.2,18.81
2618,14,22.6,21.16
2619,15,13.6,40.96
2620,18,12.9,33.2
2621,16,25.8,29.17
2622,16,34.1,34.83
2623,14,24.4,22.15
2624,18,34.1,48.08
2625,15,10.6,21.04
2626,12,20.8,26.97
2627,18,18.0,64.37
2628,16,0.5,16.88
2629,13,22.3,23.76
2630,13,26.5,30.82
2631,15,23.7,25.94
2632,15,29.5,37.92
2633,14,22.9,34.7
2634,15,2.7,33.44
2635,18,4.7,24.2
2636,17,23.9,25.89
2637,14,11.0,21.04
2638,16,3.2,16.5
2639,11,17.2,24.38
2640,15,22.2,19.2
2641,19,13.1,103.67
2642,13,28.8,43.28
2643,12,25.8,23.24
2644,12,13.3,28.72
2645,11,30.2,10.97
2646,12,25.9,63.51
2647,13,25.5,20.16
2648,10,22.1,17.65
2649,14,0.5,8.77
2650,16,27.9,42.19
2651,12,15.0,13.4
2652,18,37.7,42.99
2653,15,32.7,25.24
2654,17,23.5,24.48
2655,12,10.1,13.87
2656,16,8.1,30.01
2657,11,13.6,11.06
2658,16,19.1,24.3
2659,14,11.8,31.52
2660,15,20.6,85.35
2661,11,6.6,19.45
2662,12,39.1,15.51
2663,15,4.3,19.56
2664,12,37.3,23.02
2665,15,36.5,26.81
2666,11,21.0,29.1
2667,16,29.0,37.96
2668,11,17.4,28.06
2669,15,25.2,27.46
2670,16,13.6,51.73
2671,12,12.0,18.58
2672,15,23.1,20.86
2673,15,19.9,71.53
2674,13,23.2,12.14
2675,11,11.5,13.23
2676,9,14.7,11.96
2677,15,3.4,60.24
2678,10,2.1,26.66
2679,14,10.1,42.54
2680,13,3.0,15.68
2681,16,4.2,65.78
2682,13,32.5,29.79
2683,13,1.6,25.44
2684,16,26.4,37.16
2685,15,10.9,25.74
2686,15,34.9,28.15
2687,15,19.4,27.38
2688,10,12.2,20.81
2689,16,20.7,38.62
2690,16,15.3,30.85
2691,11,22.6,37.57
2692,13,4.6,5.7
2693,14,39.9,33.29
2694,14,17.0,34.91
2695,15,13.9,43.8
2696,18,28.4,41.38
2697,17,14.6,37.11
2698,11,33.3,31.15
2699,16,18.2,58.94
2700,17,28.8,34.09
2701,15,4.3,25.19
2702,17,33.8,74.74
2703,19,29.4,20.09
2704,17,8.5,23.15
2705,15,5.8,42.26
2706,17,12.7,51.24
2707,14,39.0,33.72
2708,14,10.3,19.61
2709,13,18.2,16.91
2710,18,1.2,22.17
2711,12,15.9,39.24
2712,18,22.9,32.24
2713,15,38.1,31.74
2714,11,20.7,14.95
2715,15,32.8,43.96
2716,9,21.9,13.49
2717,16,1.6,22.39
2718,16,12.6,15.26
2719,13,23.0,13.2
2720,14,38.0,27.68
2721,19,34.4,27.4
2722,13,9.1,48.15
2723,11,8.8,7.39
2724,18,8.0,24.26
2725,19,36.9,46.2
2726,14,34.1,24.42
2727,17,31.0,24.73
2728,17,15.7,23.68
2729,12,20.2,14.96
2730,13,18.6,21.54
2731,17,10.1,68.96
2732,18,20.2,41.81
2733,15,1.2,33.42
2734,12,5.3,21.05
2735,19,35.5,72.29
2736,13,30.1,8.41
2737,13,16.9,20.96
2738,15,20.7,50.88
2739,18,14.8,30.14
2740,16,29.6,70.45
2741,15,31.4,56.98
2742,15,30.5,26.11
2743,14,28.9,23.29
2744,15,8.2,16.55
2745,8,13.5,10.62
2746,13,18.8,14.79
2747,15,13.2,32.49
2748,11,30.2,11.79
2749,15,13.2,34.81
2750,13,5.5,24.58
2751,18,16.0,19.83
2752,18,39.2,75.77
2753,13,9.0,25.42
2754,14,24.5,37.89
2755,14,17.3,19.42
2756,13,2.8,22.88
2757,14,19.5,42.33
2758,12,28.1,22.39
2759,11,20.5,44.97
2760,16,34.9,35.01
2761,16,11.6,46.35
2762,12,3.4,18.44
2763,16,37.5,42.79
2764,12,15.1,10.71
2765,15,23.1,35.67
2766,16,31.7,25.91
2767,14,13.0,17.57
2768,15,28.6,63.23
2769,13,5.4,17.5
2770,14,11.7,16.12
2771,13,5.8,16.66
2772,12,32.4,13.83
2773,14,8.9,40.49
2774,10,28.7,14.45
2775,13,37.7,30.93
2776,13,21.1,42.65
2777,13,21.6,20.38
2778,13,18.4,29.84
2779,14,13.0,16.35
2780,15,19.0,78.89
2781,16,24.1,49.76
2782,12,39.4,20.66
2783,11,37.5,15.07
2784,11,34.5,19.97
2785,13,35.6,22.17
2786,13,18.7,52.85
2787,12,26.3,14.2
2788,11,35.8,21.91
2789,13,15.7,23.12
2790,14,38.5,26.24
2791,15,16.6,27.58
2792,13,24.0,24.19
2793,13,28.4,36.52
2794,12,38.0,28.83
2795,14,9.8,27.47
2796,12,29.8,6.93
2797,15,20.8,34.05
2798,10,10.7,8.19
2799,13,31.1,33.38
2800,15,22.1,55.06
2801,14,26.4,19.55
2802,21,12.9,44.67
2803,15,19.3,23.39
2804,11,24.7,34.13
2805,14,16.2,26.92
2806,10,7.9,29.9
2807,14,38.5,32.45
2808,12,20.5,24.57
2809,16,29.4,35.77
2810,13,16.4,32.63
2811,14,14.2,12.56
2812,12,16.3,21.98
2813,18,16.4,37.68
2814,13,21.8,33.32
2815,19,21.7,42.13
2816,16,19.9,21.83
2817,15,5.4,23.34
2818,15,19.8,19.4
2819,15,6.8,11.13
2820,9,5.0,16.94
2821,13,37.3,31.66
2822,16,24.2,41.26
2823,14,26.4,47.69
2824,10,16.1,13.29
2825,14,36.4,15.76
2826,18,25.5,40.93
2827,17,30.8,33.47
2828,14,14.7,18.11
2829,16,38.4,32.55
2830,13,32.8,20.11
2831,10,34.2,9.09
2832,12,6.9,14.98
2833,18,10.8,22.46
2834,13,11.4,23.81
2835,13,10.8,16.51
2836,13,34.2,39.88
2837,19,1.3,59.09
2838,18,3.0,38.8
2839,20,11.0,23.3
2840,14,8.0,40.85
2841,15,9.3,47.73
2842,10,31.9,19.21
2843,18,22.5,70.19
2844,11,0.2,10.87
2845,15,17.2,13.75
2846,11,16.3,14.19
2847,13,4.6,37.27
2848,12,27.0,12.8
2849,12,28.1,23.29
2850,13,28.8,26.13
2851,13,29.1,21.0
2852,16,0.0,18.59
2853,11,38.2,21.02
2854,15,32.6,25.07
2855,17,36.2,21.37
2856,13,0.6,18.26
2857,12,37.4,34.89
2858,13,32.4,36.41
2859,17,33.5,27.66
2860,14,3.7,12.24
2861,13,29.6,23.02
2862,15,38.4,56.93
2863,11,27.1,27.23
2864,16,22.8,44.96
2865,15,37.8,43.61
2866,13,17.7,28.3
2867,12,24.0,24.05
2868,12,19.1,28.65
2869,15,37.3,24.65
2870,17,3.0,15.19
2871,12,20.0,29.66
2872,15,27.5,51.52
2873,9,31.7,11.04
2874,13,23.3,35.04
2875,14,36.4,54.71
2876,12,37.7,22.64
2877,12,2.6,11.55
2878,12,16.1,22.25
2879,15,0.9,16.57
2880,14,13.2,19.33
2881,8,21.5,17.94
2882,9,36.4,8.92
2883,12,33.9,13.0
2884,15,5.1,23.28
2885,8,3.7,10.98
2886,13,23.6,28.98
2887,13,21.3,52.57
2888,17,10.7,33.27
2889,13,36.0,32.18
2890,15,37.1,20.79
2891,14,16.1,35.19
2892,9,35.6,13.79
2893,16,15.4,32.18
2894,15,29.5,30.15
2895,15,19.0,44.84
2896,22,4.9,27.41
2897,9,37.1,6.76
2898,18,18.2,36.4
2899,13,29.4,31.1
2900,15,14.7,29.77
2901,14,0.8,30.42
2902,13,4.0,21.92
2903,13,19.8,19.55
2904,15,27.6,12.39
2905,10,13.4,15.14
2906,16,27.8,52.39
2907,13,27.9,22.0
2908,11,28.2,21.32
2909,13,19.7,28.95
2910,17,36.6,25.08
2911,13,19.6,31.34
2912,15,18.0,56.43
2913,12,8.0,17.09
2914,16,12.3,18.95
2915,16,1.7,22.71
2916,19,25.3,19.09
2917,14,9.9,26.67
2918,16,12.2,35.58
2919,14,30.8,55.7
2920,17,13.1,30.86
2921,12,9.7,22.36
2922,16,6.8,18.83
2923,14,31.0,24.7
2924,14,5.2,11.38
2925,14,18.2,24.58
2926,15,20.3,26.59
2927,14,27.5,32.03
2928,15,25.3,24.28
2929,18,32.4,43.83
2930,16,1.8,20.47
2931,16,11.9,25.86
2932,13,11.2,22.32
2933,12,5.8,17.71
2934,16,11.6,39.83
2935,16,12.4,28.41
2936,18,20.9,35.46
2937,12,26.5,21.58
2938,13,15.2,17.38
2939,10,28.8,16.53
2940,13,13.4,50.68
2941,16,11.6,20.41
2942,13,21.6,22.28
2943,16,0.9,19.55
2944,14,3.2,18.03
2945,15,16.7,25.26
2946,11,37.7,22.92
2947,14,28.9,14.37
2948,8,3.5,16.68
2949,14,33.9,36.44
2950,10,29.3,11.62
2951,17,24.4,15.29
2952,16,32.8,23.46
2953,15,16.2,25.98
2954,18,8.9,95.46
2955,12,20.5,27.72
2956,18,22.0,19.98
2957,16,21.5,25.49
2958,13,22.6,24.57
2959,17,37.9,41.26
2960,11,36.1,12.25
2961,12,35.0,21.83
2962,12,32.1,17.48
2963,13,37.7,16.1
2964,11,3.9,16.68
2965,17,10.6,43.44
2966,13,19.8,34.28
2967,15,33.9,39.34
2968,13,20.2,20.15
2969,9,29.9,23.01
2970,15,5.6,26.44
2971,9,10.1,14.96
2972,14,29.3,22.31
2973,11,6.6,13.16
2974,19,14.1,42.62
2975,16,10.6,76.53
2976,14,14.0,28.29
2977,17,28.3,30.09
2978,12,14.7,14.88
2979,15,22.2,25.1
2980,14,4.0,48.56
2981,15,32.2,26.79
2982,17,14.8,49.26
2983,16,25.9,29.71
2984,15,29.0,34.95
2985,10,8.4,20.76
2986,12,35.4,18.3
2987,14,24.6,21.74
2988,14,17.1,50.96
2989,11,7.3,24.19
2990,20,37.7,69.18
2991,18,30.2,58.26
2992,16,8.3,33.08
2993,14,13.5,55.76
2994,13,32.4,26.17
2995,12,27.8,29.33
2996,14,30.6,15.95
2997,15,17.6,20.98
2998,11,28.7,13.05
2999,15,15.5,47.18
3000,14,8.5,8.14
3001,9,25.3,14.56
3002,12,39.0,6.76
3003,13,12.4,15.85
3004,19,18.4,36.12
3005,15,27.0,54.56
3006,11,21.7,23.9
3007,15,33.7,22.42
3008,10,30.5,29.26
3009,17,2.3,26.43
3010,13,39.9,24.92
3011,14,30.1,17.62
3012,17,34.6,25.63
3013,11,26.0,15.06
3014,11,34.3,21.32
3015,13,4.5,19.22
3016,17,13.9,62.69
3017,10,35.1,22.0
3018,8,8.1,4.16
3019,13,3.1,19.97
3020,15,31.5,17.62
3021,17,33.4,25.99
3022,13,6.5,14.14
3023,13,34.2,19.61
3024,17,27.5,22.13
3025,9,20.8,17.98
3026,13,33.2,14.59
3027,14,16.8,30.12
3028,15,7.8,60.19
3029,13,11.4,12.75
3030,14,20.2,24.25
3031,8,21.3,5.49
3032,12,32.2,20.64
3033,15,31.7,40.68
3034,12,23.3,30.43
3035,14,31.2,29.38
3036,15,7.7,35.04
3037,13,2.0,48.25
3038,14,34.9,55.85
3039,12,3.0,13.16
3040,13,9.9,11.79
3041,16,27.8,29.52
3042,14,16.4,17.79
3043,13,35.1,30.5
3044,15,11.9,16.68
3045,16,0.5,21.87
3046,9,12.0,20.57
3047,17,23.1,36.09
3048,13,15.0,15.79
3049,15,21.4,48.56
3050,17,35.1,17.91
3051,11,36.5,18.13
3052,12,10.6,19.03
3053,13,18.5,24.29
3054,12,22.0,24.29
3055,18,38.0,52.59
3056,12,39.9,21.9
3057,13,9.4,18.01
3058,15,29.1,26.75
3059,11,15.1,14.8
3060,13,0.3,22.75
3061,15,0.4,15.68
3062,13,18.4,33.84
3063,14,19.5,27.19
3064,13,0.9,13.71
3065,10,27.5,24.39
3066,15,11.8,19.94
3067,18,22.4,53.32
3068,14,12.0,26.41
3069,15,6.7,18.91
3070,16,16.3,39.15
3071,11,9.3,21.2
3072,18,21.4,65.1
3073,15,8.0,36.36
3074,18,20.3,49.39
3075,12,6.3,11.22
3076,19,26.8,124.52
3077,16,30.2,19.86
3078,15,4.4,33.2
3079,15,18.7,35.12
3080,13,2.8,11.15
3081,17,23.9,35.94
3082,14,10.6,22.87
3083,9,21.1,28.01
3084,11,20.7,15.2
3085,14,37.0,25.05
3086,15,22.0,11.98
3087,14,23.3,55.79
3088,17,16.1,22.75
3089,9,38.0,19.09
3090,14,31.1,27.35
3091,9,11.4,13.99
3092,16,33.8,47.79
3093,14,17.3,51.31
3094,15,33.1,34.66
3095,12,32.9,30.2
3096,17,7.6,34.11
3097,17,28.0,57.69
3098,15,11.6,22.11
3099,14,11.9,37.2
3100,15,11.9,41.66
3101,12,29.0,35.96
3102,16,9.2,21.53
3103,18,0.0,25.37
3104,17,28.6,42.3
3105,12,6.8,10.32
3106,15,4.2,42.72
3107,11,9.5,17.03
3108,15,15.2,31.63
3109,15,19.0,23.55
3110,9,1.8,6.83
3111,11,38.8,15.95
3112,13,28.6,28.13
3113,13,12.9,29.18
3114,11,12.7,19.41
3115,15,17.9,33.65
3116,15,25.0,27.19
3117,14,5.9,25.97
3118,12,7.6,32.83
3119,17,34.4,50.52
3120,18,10.3,48.37
3121,13,15.2,26.0
3122,12,34.9,12.64
3123,15,26.5,20.62
3124,13,13.7,27.07
3125,14,27.3,28.28
3126,16,0.8,27.09
3127,9,29.4,33.8
3128,17,19.5,48.67
3129,14,32.5,47.01
3130,13,38.2,25.9
3131,14,37.0,20.13
3132,14,36.4,27.29
3133,10,20.5,13.23
3134,18,14.4,70.23
3135,14,18.6,36.64
3136,15,27.6,38.68
3137,16,35.4,56.26
3138,11,8.3,7.43
3139,15,36.7,38.96
3140,13,32.6,15.22
3141,16,39.2,33.29
3142,9,35.2,15.06
3143,14,11.2,31.12
3144,12,4.2,18.35
3145,15,4.5,38.96
3146,15,11.6,20.92
3147,12,24.6,30.54
3148,12,32.2,24.84
3149,14,36.0,14.56
3150,12,25.0,15.96
3151,16,0.2,21.05
3152,13,7.5,31.21
3153,8,4.0,13.43
3154,13,14.5,14.34
3155,11,20.1,19.0
3156,10,1.7,28.72
3157,11,13.9,19.4
3158,14,7.2,19.27
3159,17,25.9,46.44
3160,15,18.6,40.05
3161,12,19.8,18.46
3162,15,17.1,35.44
3163,13,38.2,21.86
3164,12,8.6,24.74
3165,11,20.7,21.64
3166,10,29.4,23.16
3167,13,22.3,18.48
3168,14,37.2,20.0
3169,14,15.1,37.24
3170,13,18.5,23.4
3171,12,3.5,18.43
3172,16,24.4,30.31
3173,11,11.5,25.51
3174,16,6.4,20.67
3175,11,21.8,19.34
3176,12,21.3,30.77
3177,10,3.0,21.23
3178,13,27.9,20.87
3179,16,25.0,75.27
3180,15,7.6,27.76
3181,16,18.8,21.54
3182,15,28.8,36.49
3183,11,21.2,17.42
3184,13,15.8,27.75
3185,12,12.9,19.82
3186,17,24.4,39.02
3187,11,37.6,14.25
3188,16,26.9,51.48
3189,16,3.0,15.22
3190,19,18.4,28.21
3191,13,35.6,29.4
3192,16,3.8,46.87
3193,20,39.6,43.09
3194,12,38.0,29.92
3195,10,3.1,20.46
3196,9,37.3,23.31
3197,16,14.5,27.27
3198,9,33.8,11.09
3199,13,16.7,9.77
3200,15,17.6,26.27
3201,14,25.4,45.17
3202,15,31.0,20.08
3203,15,1.4,27.65
3204,17,23.7,25.8
3205,12,7.5,18.89
3206,12,13.8,27.18
3207,12,13.9,15.75
3208,16,18.8,34.99
3209,16,13.4,25.68
3210,15,4.3,30.01
3211,17,5.8,31.56
3212,11,1.3,14.32
3213,18,18.8,74.49
3214,18,38.2,53.6
3215,16,4.6,19.14
3216,18,37.9,39.84
3217,10,29.3,18.53
3218,13,25.5,26.36
3219,12,25.8,63.5
3220,16,33.1,40.19
3221,11,4.3,6.72
3222,16,20.2,26.7
3223,17,27.9,17.72
3224,16,23.5,29.87
3225,15,33.3,14.15
3226,12,2.9,11.4
3227,12,27.6,12.67
3228,17,21.4,43.22
3229,16,15.2,31.19
3230,14,13.6,28.13
3231,13,24.8,24.41
3232,9,35.6,9.74
3233,11,19.8,24.63
3234,19,33.0,100.93
3235,11,16.1,22.58
3236,14,4.1,17.19
3237,17,2.5,14.87
3238,11,2.1,9.94
3239,14,15.2,30.62
3240,16,13.5,46.66
3241,14,28.7,31.61
3242,21,29.7,79.04
3243,10,2.0,17.15
3244,17,8.8,37.67
3245,14,11.0,18.28
3246,16,21.9,36.12
3247,15,5.8,16.73
3248,12,5.4,17.35
3249,15,37.8,34.89
3250,9,32.2,33.76
3251,16,7.2,15.91
3252,15,16.3,34.75
3253,16,14.2,55.59
3254,17,31.6,52.05
3255,15,20.4,41.98
3256,14,5.1,26.45
3257,12,29.6,39.22
3258,12,15.9,13.67
3259,17,10.5,18.28
3260,18,15.0,37.91
3261,13,19.9,10.33
3262,14,13.7,40.85
3263,12,9.7,30.93
3264,17,15.9,29.31
3265,16,0.8,19.58
3266,19,30.9,45.63
3267,12,6.8,18.22
3268,13,1.8,18.21
3269,15,26.1,39.09
3270,16,31.0,32.48
3271,13,32.6,37.49
3272,12,19.7,26.46
3273,16,8.2,21.54
3274,16,29.5,59.38
3275,12,28.0,13.53
3276,17,9.9,30.27
3277,17,36.1,55.59
3278,14,4.2,15.29
3279,14,39.3,30.89
3280,15,34.4,38.77
3281,12,27.5,16.49
3282,14,37.5,26.91
3283,9,28.9,16.23
3284,16,7.6,21.73
3285,10,17.7,44.47
3286,18,2.9,21.68
3287,13,15.6,34.75
3288,13,29.7,22.04
3289,12,15.5,13.59
3290,13,13.2,23.34
3291,18,23.8,54.08
3292,8,34.9,22.34
3293,17,1.9,48.43
3294,15,15.4,92.0
3295,11,6.3,17.64
3296,11,27.8,16.16
3297,18,4.2,36.56
3298,12,26.6,20.86
3299,11,11.4,25.75
3300,17,8.0,17.96
3301,15,37.5,79.01
3302,12,0.7,21.42
3303,15,17.5,14.86
3304,11,0.9,10.4
3305,17,19.3,50.38
3306,17,20.0,58.61
3307,15,12.9,16.35
3308,15,5.3,30.87
3309,18,15.1,17.45
3310,14,26.9,27.37
3311,11,31.3,32.92
3312,15,21.2,24.31
3313,19,23.6,25.2
3314,11,8.0,17.58
3315,13,11.5,17.06
3316,15,6.5,30.73
3317,14,10.0,16.37
3318,12,9.0,13.74
3319,17,20.8,16.43
3320,20,22.5,54.05
3321,14,37.8,25.93
3322,12,7.8,11.34
3323,10,25.7,20.45
3324,15,32.7,47.33
3325,17,22.4,34.29
3326,15,10.2,28.83
3327,14,10.5,26.29
3328,13,1.6,10.63
3329,11,12.2,41.04
3330,16,29.8,28.84
3331,16,1.9,30.5
3332,10,8.8,20.75
3333,18,28.2,40.15
3334,15,31.3,40.12
3335,17,18.2,39.6
3336,11,27.9,11.95
3337,11,15.5,16.65
3338,14,6.4,16.88
3339,15,15.9,23.72
3340,18,23.2,24.66
3341,16,37.9,52.94
3342,13,2.8,33.77
3343,11,20.3,29.79
3344,17,13.2,55.5
3345,12,20.3,19.4
3346,18,1.0,21.62
3347,13,12.5,16.21
3348,18,32.8,54.8
3349,16,22.2,36.97
3350,14,18.0,25.72
3351,13,11.4,36.43
3352,13,11.9,25.75
3353,15,15.3,20.22
3354,14,33.4,21.58
3355,13,38.7,32.62
3356,14,17.5,40.01
3357,14,15.7,32.1
3358,9,33.9,36.65
3359,15,17.1,55.73
3360,12,22.1,26.98
3361,11,9.2,12.17
3362,10,29.7,11.31
3363,10,21.3,15.75
3364,11,32.4,28.46
3365,12,31.2,48.42
3366,19,8.6,44.17
3367,13,28.6,41.12
3368,14,32.0,25.79
3369,15,13.8,35.47
3370,14,6.9,30.35
3371,14,0.1,8.26
3372,11,18.0,16.66
3373,18,14.1,54.79
3374,19,22.2,50.87
3375,10,7.5,9.2
3376,11,34.4,7.91
3377,13,10.3,18.35
3378,12,9.1,18.21
3379,15,19.2,20.87
3380,12,20.0,23.49
3381,19,8.6,45.77
3382,17,10.9,41.9
3383,15,6.8,9.38
3384,17,28.7,22.73
3385,17,30.8,34.05
3386,13,18.5,30.35
3387,12,28.6,28.35
3388,14,29.4,34.42
3389,16,5.5,22.14
3390,14,38.6,24.08
3391,10,32.8,14.22
3392,12,8.2,25.01
3393,14,7.4,15.29
3394,14,5.0,29.32
3395,19,5.5,37.86
3396,11,29.9,20.74
3397,15,18.8,22.75
3398,18,31.3,24.7
3399,20,29.9,40.08
3400,13,24.2,22.22
3401,15,27.5,12.17
3402,15,0.7,18.97
3403,14,12.5,35.38
3404,14,25.5,35.4
3405,15,0.4,16.65
3406,8,1.3,10.56
3407,16,34.1,27.64
3408,14,27.4,30.15
3409,13,10.6,39.57
3410,19,27.5,69.01
3411,12,31.7,28.7
3412,13,12.3,18.1
3413,19,1.4,42.19
3414,12,37.3,11.57
3415,13,13.8,20.45
3416,14,4.3,25.85
3417,16,19.7,44.38
3418,15,30.7,41.17
3419,11,8.9,19.0
3420,13,10.8,19.83
3421,12,9.7,23.55
3422,14,39.7,18.58
3423,15,7.9,17.6
3424,15,23.0,31.51
3425,10,37.0,19.98
3426,17,5.9,13.86
3427,15,38.8,36.34
3428,17,37.9,50.8
3429,15,35.4,30.1
3430,17,8.6,79.08
3431,15,25.4,23.71
3432,17,30.4,33.3
3433,15,39.4,25.72
3434,14,7.2,21.33
3435,20,30.6,45.53
3436,16,13.6,17.32
3437,15,7.0,19.44
3438,11,16.9,18.63
3439,11,31.8,34.46
3440,15,18.6,71.23
3441,14,21.5,46.9
3442,12,39.8,16.31
3443,14,16.0,19.55
3444,18,24.6,39.32
3445,16,14.6,63.14
3446,11,15.7,17.85
3447,14,27.8,16.72
3448,12,37.5,18.57
3449,13,21.7,33.73
3450,13,30.7,33.98
3451,13,3.6,16.79
3452,11,8.4,22.0
3453,14,20.1,10.93
3454,13,0.8,17.55
3455,8,10.1,18.11
3456,19,20.7,32.25
3457,17,0.6,17.87
3458,13,10.6,10.12
3459,14,20.6,51.49
3460,11,22.9,15.44
3461,18,37.0,45.68
3462,19,25.8,59.31
3463,14,16.6,47.7
3464,17,37.2,35.25
3465,14,31.4,22.95
3466,11,8.0,17.77
3467,13,5.2,31.72
3468,14,27.0,26.51
3469,13,22.4,17.1
3470,13,31.6,13.91
3471,14,29.6,17.49
3472,14,25.0,39.78
3473,14,39.5,23.98
3474,11,21.3,15.95
3475,12,4.5,12.67
3476,11,33.1,21.74
3477,16,10.1,25.94
3478,9,31.1,15.49
3479,17,38.3,63.78
3480,17,27.9,71.02
3481,13,23.8,13.29
3482,8,18.4,16.68
3483,13,14.6,16.78
3484,14,14.1,22.75
3485,11,25.5,23.65
3486,13,30.1,23.69
3487,18,27.1,46.44
3488,16,7.9,35.72
3489,12,19.8,24.91
3490,10,31.7,14.73
3491,13,19.0,18.88
3492,13,21.5,13.98
3493,15,30.8,22.38
3494,13,26.5,56.18
3495,15,16.4,20.91
3496,19,35.8,28.67
3497,16,6.5,30.02
3498,14,39.8,25.99
3499,14,4.8,19.16
3500,13,0.6,29.41
3501,17,35.6,47.18
3502,12,9.8,15.39
3503,14,29.2,24.04
3504,14,32.4,23.24
3505,13,34.4,36.25
3506,11,39.7,17.82
3507,15,11.8,13.02
3508,14,28.4,27.92
3509,15,4.6,12.34
3510,13,16.3,56.23
3511,17,33.9,25.95
3512,12,14.7,19.46
3513,18,23.6,46.2
3514,10,20.2,16.22
3515,15,25.8,27.81
3516,15,38.9,35.84
3517,12,2.2,29.22
3518,15,23.0,41.77
3519,17,34.5,68.8
3520,8,19.3,9.71
3521,15,3.1,24.93
3522,8,22.4,16.17
3523,12,13.3,23.35
3524,18,6.2,55.55
3525,13,34.0,23.43
3526,11,20.9,17.22
3527,14,37.3,34.35
3528,19,32.2,23.02
3529,9,27.7,15.68
3530,11,0.2,12.84
3531,18,17.1,27.08
3532,19,7.9,56.18
3533,14,36.4,18.25
3534,11,7.0,15.34
3535,19,11.4,44.48
3536,18,20.7,69.96
3537,16,10.5,28.68
3538,12,8.4,26.87
3539,14,24.0,37.04
3540,14,3.6,21.11
3541,15,2.3,13.89
3542,18,14.9,21.37
3543,16,28.8,36.3
3544,11,22.2,16.48
3545,17,16.9,51.01
3546,15,22.6,41.31
3547,16,14.6,28.73
3548,18,37.4,26.03
3549,11,2.2,17.6
3550,14,26.9,18.88
3551,13,35.7,18.74
3552,10,32.2,12.88
3553,15,7.4,23.07
3554,20,11.8,70.33
3555,9,28.7,17.24
3556,14,3.4,16.75
3557,16,32.5,18.85
3558,14,28.8,35.52
3559,14,29.2,20.85
3560,11,4.0,15.79
3561,15,28.7,27.32
3562,12,27.2,32.5
3563,9,33.2,16.15
3564,17,1.7,25.15
3565,16,0.9,27.7
3566,14,14.9,59.09
3567,15,6.0,33.66
3568,17,22.3,36.06
3569,15,36.7,30.84
3570,16,15.7,25.46
3571,13,33.8,17.51
3572,17,0.0,19.67
3573,15,6.7,17.65
3574,14,1.2,24.46
3575,11,13.1,11.93
3576,15,36.3,52.63
3577,12,3.9,22.41
3578,12,24.3,23.14
3579,12,18.1,21.73
3580,11,37.5,16.42
3581,19,4.9,38.21
3582,17,8.5,47.17
3583,19,1.2,23.42
3584,11,17.4,10.56
3585,14,11.1,31.59
3586,11,34.8,23.77
3587,12,24.2,14.66
3588,12,24.6,17.15
3589,17,21.3,26.27
3590,13,3.7,13.65
3591,17,17.8,31.38
3592,16,40.0,29.77
3593,20,33.4,39.8
3594,10,35.7,13.88
3595,17,32.9,34.96
3596,17,4.1,29.44
3597,12,9.1,16.53
3598,17,0.1,39.14
3599,15,12.1,32.91
3600,13,4.3,9.82
3601,12,18.9,27.06
3602,12,27.1,29.61
3603,19,35.0,39.01
3604,14,30.0,15.67
3605,16,37.5,33.95
3606,12,2.2,15.79
3607,12,0.5,9.64
3608,17,26.5,21.4
3609,11,11.6,17.21
3610,13,10.1,19.29
3611,14,13.2,20.96
3612,14,10.8,22.92
3613,14,20.5,17.52
3614,15,17.6,24.51
3615,16,20.5,41.19
3616,16,26.9,30.12
3617,12,15.5,10.76
3618,13,10.1,17.5
3619,17,6.6,19.09
3620,16,14.0,34.07
3621,11,29.7,23.99
3622,15,30.3,16.22
3623,9,26.7,23.29
3624,14,9.4,14.76
3625,19,23.5,85.86
3626,12,22.8,22.3
3627,12,19.4,13.4
3628,16,22.0,21.35
3629,10,19.7,20.82
3630,12,22.6,19.42
3631,15,28.6,30.28
3632,12,4.4,32.04
3633,13,30.0,19.5
3634,16,5.4,26.37
3635,15,2.7,38.26
3636,15,39.0,33.69
3637,13,38.3,13.11
3638,15,2.4,26.36
3639,14,17.7,16.6
3640,15,7.4,42.88
3641,13,19.4,17.55
3642,14,33.2,93.01
3643,12,38.0,40.64
3644,14,25.4,20.5
3645,12,14.2,20.75
3646,11,24.1,28.06
3647,15,12.5,36.97
3648,15,36.4,36.84
3649,16,34.8,56.78
3650,13,22.3,23.84
3651,15,13.0,23.54
3652,15,11.7,23.21
3653,15,1.3,29.45
3654,12,32.6,26.91
3655,14,18.0,29.81
3656,15,13.0,37.48
3657,14,18.8,11.79
3658,9,32.7,19.5
3659,14,5.0,22.75
3660,20,34.3,100.31
3661,13,35.9,13.75
3662,12,37.9,42.18
3663,15,15.9,29.39
3664,15,8.7,30.52
3665,17,14.9,67.16
3666,11,13.3,22.99
3667,16,7.0,31.4
3668,15,24.3,34.15
3669,14,19.1,22.13
3670,15,34.6,30.81
3671,17,1.3,19.13
3672,16,25.8,33.89
3673,11,30.5,8.29
3674,16,30.4,41.33
3675,14,35.4,26.75
3676,14,29.2,24.91
3677,14,37.1,30.34
3678,14,13.3,13.97
3679,17,20.1,79.28
3680,14,0.6,17.74
3681,11,0.3,12.81
3682,13,9.6,14.24
3683,14,4.0,20.54
3684,17,10.4,55.31
3685,16,7.1,40.52
3686,12,1.1,21.66
3687,20,36.4,63.32
3688,15,0.3,17.57
3689,17,29.4,21.54
3690,14,6.1,19.76
3691,15,36.5,28.07
3692,16,35.7,52.1
3693,17,26.2,43.22
3694,17,26.9,72.97
3695,16,0.2,36.07
3696,13,39.4,20.56
3697,13,35.1,12.41
3698,15,35.8,53.91
3699,16,26.4,59.57
3700,13,13.8,13.09
3701,17,35.7,69.21
3702,18,11.7,41.87
3703,12,22.5,24.2
3704,12,4.0,31.74
3705,14,36.9,47.67
3706,15,5.6,30.37
3707,13,9.0,25.0
3708,17,22.3,47.8
3709,15,30.6,26.84
3710,14,24.8,27.5
3711,10,9.3,10.75
3712,11,0.0,11.8
3713,15,30.3,27.2
3714,9,39.4,12.83
3715,17,32.4,40.52
3716,14,18.4,23.41
3717,22,36.2,76.09
3718,20,16.4,24.74
3719,14,21.0,26.16
3720,14,19.1,28.31
3721,16,17.9,28.58
3722,18,31.0,39.67
3723,10,21.1,9.74
3724,10,12.7,18.96
3725,12,10.3,24.92
3726,15,1.5,25.57
3727,15,23.3,46.68
3728,17,9.2,33.59
3729,11,5.9,19.14
3730,8,26.2,16.53
3731,16,27.2,45.66
3732,12,30.1,12.42
3733,9,20.1,11.52
3734,14,35.8,52.89
3735,16,37.5,12.65
3736,14,32.3,26.88
3737,13,25.4,40.79
3738,14,12.1,23.41
3739,13,39.3,21.0
3740,11,11.0,18.55
3741,12,8.1,15.94
3742,15,17.7,29.56
3743,15,2.3,16.32
3744,14,39.1,42.59
3745,12,23.5,40.38
3746,14,22.3,26.23
3747,9,26.2,9.86
3748,14,19.9,21.96
3749,18,1.3,26.16
3750,10,24.5,23.04
3751,13,28.6,17.22
3752,15,16.7,21.19
3753,17,30.3,47.19
3754,13,9.1,30.17
3755,12,8.9,14.55
3756,9,6.5,7.69
3757,14,14.9,94.57
3758,19,33.9,63.8
3759,15,33.1,28.17
3760,14,15.3,36.23
3761,15,23.6,29.36
3762,14,28.8,40.29
3763,12,9.6,20.22
3764,16,6.7,27.54
3765,15,38.9,28.94
3766,14,24.7,15.75
3767,12,39.3,48.54
3768,17,13.5,23.04
3769,16,28.1,20.17
3770,13,8.9,18.96
3771,17,10.4,21.63
3772,13,20.5,24.14
3773,12,12.8,26.49
3774,12,6.7,26.49
3775,10,10.5,21.89
3776,15,1.4,18.53
3777,9,28.2,17.6
3778,11,19.7,23.57
3779,9,3.8,6.07
3780,14,6.9,27.4
3781,14,4.1,11.38
3782,13,24.5,57.46
3783,11,3.8,12.73
3784,11,30.2,19.61
3785,15,0.8,15.13
3786,13,10.0,16.4
3787,15,35.6,77.0
3788,12,28.7,33.97
3789,14,2.9,10.63
3790,17,32.8,69.94
3791,15,19.7,48.16
3792,13,33.9,22.87
3793,15,24.0,34.98
3794,13,27.3,25.54
3795,14,39.7,59.84
3796,13,9.3,15.14
3797,14,25.0,29.84
3798,15,18.4,24.82
3799,12,1.6,8.78
3800,11,0.6,32.91
3801,11,4.8,9.57
3802,10,26.0,20.7
3803,11,22.7,10.25
3804,14,22.1,23.56
3805,12,1.3,18.29
3806,15,18.8,21.27
3807,14,37.0,35.17
3808,9,15.9,14.06
3809,16,25.0,54.68
3810,16,31.2,59.98
3811,12,31.4,18.44
3812,15,20.8,31.13
3813,12,34.3,24.88
3814,14,15.7,32.95
3815,11,35.5,20.91
3816,10,9.6,16.75
3817,13,11.2,19.61
3818,14,2.1,20.24
3819,13,31.8,43.27
3820,11,16.7,25.02
3821,13,9.2,27.48
3822,15,9.3,33.93
3823,14,36.1,26.31
3824,14,33.4,32.2
3825,12,22.1,14.66
3826,17,24.6,63.0
3827,11,19.0,6.53
3828,15,15.7,27.45
3829,17,36.6,59.41
3830,15,5.0,13.36
3831,13,16.7,27.71
3832,13,13.8,17.22
3833,17,19.9,31.56
3834,10,18.3,26.05
3835,12,20.8,24.2
3836,13,5.6,8.49
3837,17,20.5,24.89
3838,15,9.7,37.86
3839,12,7.4,21.62
3840,13,2.6,35.65
3841,12,30.5,45.74
3842,12,17.1,18.73
3843,16,25.1,93.61
3844,11,29.1,21.31
3845,18,27.2,28.82
3846,16,18.8,25.38
3847,17,15.5,14.05
3848,13,15.0,43.85
3849,14,25.6,53.42
3850,10,19.8,12.08
3851,13,34.0,23.36
3852,15,35.0,32.32
3853,17,6.8,20.03
3854,11,5.4,7.74
3855,13,25.2,23.44
3856,14,12.0,21.34
3857,11,0.7,11.78
3858,15,35.5,33.91
3859,12,9.1,33.21
3860,14,37.2,24.61
3861,13,28.7,27.59
3862,12,30.5,31.21
3863,14,8.1,27.96
3864,13,9.4,16.3
3865,13,20.9,25.71
3866,12,6.9,22.24
3867,15,12.2,17.13
3868,18,12.9,60.86
3869,14,6.4,38.24
3870,16,8.2,20.56
3871,11,31.5,22.79
3872,14,6.7,28.08
3873,11,1.1,11.19
3874,10,25.2,22.9
3875,12,39.0,23.91
3876,17,13.2,18.59
3877,16,4.7,30.41
3878,15,22.8,19.77
3879,10,36.3,27.28
3880,14,31.4,21.77
3881,15,24.9,29.15
3882,14,12.6,42.42
3883,9,21.7,20.37
3884,12,3.6,10.71
3885,14,27.2,18.92
3886,15,29.0,24.77
3887,9,38.6,19.51
3888,14,10.4,27.15
3889,14,0.7,13.26
3890,16,21.8,21.11
3891,16,28.3,38.91
3892,15,31.6,29.25
3893,12,7.7,43.18
3894,9,10.5,14.5
3895,13,20.5,50.94
3896,17,13.2,20.93
3897,17,34.4,20.31
3898,16,19.0,20.92
3899,15,32.0,50.59
3900,15,23.2,62.15
3901,13,30.9,18.85
3902,14,13.3,20.62
3903,18,33.3,26.5
3904,12,11.0,9.44
3905,18,21.8,54.82
3906,13,8.6,22.41
3907,17,19.0,36.38
3908,10,12.7,9.4
3909,15,10.7,50.36
3910,12,38.7,18.38
3911,10,6.4,17.9
3912,15,31.5,17.59
3913,17,39.4,34.12
3914,12,0.8,17.12
3915,10,28.0,21.73
3916,14,10.1,24.88
3917,14,1.6,23.22
3918,15,16.1,18.2
3919,16,37.4,36.65
3920,14,0.5,19.29
3921,19,23.5,50.48
3922,15,20.1,30.86
3923,13,34.9,15.31
3924,10,3.4,7.91
3925,13,27.3,10.6
3926,13,27.2,35.63
3927,16,26.8,48.22
3928,15,37.7,42.86
3929,11,32.9,23.77
3930,14,1.7,8.13
3931,16,18.8,21.69
3932,18,15.9,41.22
3933,16,12.4,31.48
3934,16,18.1,29.65
3935,14,15.4,29.68
3936,15,17.3,29.19
3937,17,39.2,38.72
3938,11,3.5,11.52
3939,13,36.9,37.3
3940,12,19.2,18.53
3941,15,24.9,18.27
3942,17,33.2,28.12
3943,13,14.4,19.87
3944,8,17.2,21.45
3945,13,16.4,23.11
3946,16,15.0,28.87
3947,15,37.0,18.65
3948,15,33.2,42.91
3949,13,4.4,14.3
3950,11,4.3,14.59
3951,15,17.1,52.41
3952,12,3.9,20.37
3953,19,24.8,24.17
3954,15,5.7,11.57
3955,13,20.9,24.11
3956,12,0.3,9.24
3957,14,12.7,31.79
3958,13,27.1,26.12
3959,17,19.4,38.84
3960,14,39.1,20.61
3961,12,35.0,46.26
3962,19,14.4,129.64
3963,14,1.8,17.14
3964,16,33.8,39.8
3965,12,36.4,23.76
3966,15,32.8,28.28
3967,15,5.1,16.57
3968,9,39.9,10.66
3969,19,10.3,24.6
3970,17,29.0,45.22
3971,13,36.3,20.54
3972,11,9.4,6.09
3973,15,36.3,36.89
3974,14,12.4,24.03
3975,15,39.1,51.81
3976,14,11.3,27.76
3977,15,38.1,16.87
3978,18,2.1,11.82
3979,15,28.4,23.59
3980,11,21.3,15.83
3981,17,19.1,52.88
3982,18,8.9,33.94
3983,22,28.2,99.67
3984,11,7.6,9.68
3985,15,22.1,44.93
3986,9,10.1,18.93
3987,15,38.2,13.58
3988,13,1.1,28.87
3989,19,8.0,38.29
3990,12,9.7,22.21
3991,10,16.6,12.35
3992,13,9.3,34.68
3993,9,19.7,10.2
3994,16,34.9,47.98
3995,9,28.5,23.98
3996,14,23.2,18.86
3997,9,3.6,26.95
3998,13,27.8,28.22
3999,18,6.7,42.06
4000,15,31.5,17.08
4001,12,10.0,44.57
4002,14,16.7,15.98
4003,14,14.0,37.8
4004,15,34.4,20.96
4005,11,5.1,12.08
4006,15,22.6,42.03
4007,8,5.7,17.56
4008,12,28.2,14.01
4009,13,36.2,39.13
4010,16,17.4,48.83
4011,14,19.5,18.54
4012,10,37.1,35.31
4013,12,20.8,12.49
4014,14,19.5,21.01
4015,14,23.1,33.72
4016,13,27.6,18.28
4017,13,4.3,20.59
4018,16,32.8,38.18
4019,13,17.4,22.11
4020,14,2.9,27.54
4021,19,31.4,42.85
4022,10,15.1,18.75
4023,9,4.0,19.51
4024,16,25.4,47.25
4025,12,35.2,31.53
4026,13,35.5,16.04
4027,12,38.3,27.81
4028,13,34.7,17.95
4029,18,0.1,16.28
4030,16,15.2,30.32
4031,16,32.7,24.16
4032,10,14.7,23.3
4033,11,24.1,28.74
4034,8,24.3,7.19
4035,12,14.6,14.88
4036,16,36.2,19.05
4037,15,20.1,24.93
4038,13,18.6,28.99
4039,14,39.9,24.63
4040,12,19.7,17.49
4041,15,7.1,40.8
4042,16,20.5,13.24
4043,10,32.6,31.23
4044,15,31.1,25.32
4045,16,31.5,33.7
4046,13,28.3,20.86
4047,16,10.2,53.01
4048,21,34.5,34.73
4049,14,35.7,28.17
4050,15,7.8,30.38
4051,12,5.2,9.01
4052,14,39.0,18.94
4053,15,34.7,29.36
4054,14,35.7,19.67
4055,11,35.5,15.01
4056,15,21.7,26.45
4057,18,25.9,54.67
4058,15,21.8,26.56
4059,16,2.0,36.26
4060,13,29.8,17.3
4061,16,20.2,20.11
4062,15,25.9,67.5
4063,12,20.1,17.08
4064,15,19.7,17.68
4065,12,6.9,8.9
4066,12,11.1,30.03
4067,14,6.4,18.8
4068,15,7.8,22.26
4069,11,38.9,19.04
4070,17,6.1,43.39
4071,15,10.8,24.37
4072,12,23.6,58.4
4073,10,24.4,19.84
4074,14,6.2,32.8
4075,13,31.7,35.54
4076,14,31.4,28.06
4077,13,9.5,16.53
4078,9,11.5,16.65
4079,13,37.5,30.75
4080,13,33.0,20.42
4081,16,27.9,37.13
4082,12,3.3,26.78
4083,18,16.7,89.12
4084,9,22.4,23.63
4085,17,7.5,62.92
4086,13,17.9,18.64
4087,16,24.0,45.29
4088,14,13.1,42.2
4089,17,31.2,26.86
4090,13,33.6,21.1
4091,11,12.9,36.59
4092,18,33.5,28.61
4093,14,4.1,11.93
4094,15,33.5,57.69
4095,17,6.1,46.68
4096,11,3.3,17.58
4097,15,25.7,30.64
4098,13,18.9,20.34
4099,14,36.3,31.28
4100,14,14.5,47.57
4101,10,11.5,17.71
4102,12,20.0,52.83
4103,17,18.2,25.07
4104,16,13.8,30.28
4105,14,27.7,24.49
4106,15,30.4,20.41
4107,13,34.1,24.05
4108,17,38.9,43.69
4109,13,10.7,26.38
4110,15,28.6,74.98
4111,17,15.8,41.87
4112,12,27.1,36.81
4113,18,19.0,41.11
4114,10,39.8,35.65
4115,18,29.2,110.94
4116,13,38.1,30.87
4117,13,33.4,17.24
4118,9,36.1,13.62
4119,13,32.6,28.77
4120,11,18.4,23.69
4121,12,10.1,25.3
4122,14,14.8,30.53
4123,16,0.8,22.8
4124,15,21.0,23.45
4125,15,20.2,35.25
4126,11,21.0,42.59
4127,12,39.0,33.71
4128,18,36.5,51.57
4129,12,6.5,26.71
4130,18,14.8,32.63
4131,13,17.0,19.33
4132,14,14.4,18.72
4133,17,31.9,36.53
4134,17,21.0,31.2
4135,14,22.9,45.06
4136,13,34.1,21.14
4137,14,32.2,20.62
4138,15,5.3,50.49
4139,16,28.6,29.03
4140,14,17.4,28.0
4141,16,11.8,35.33
4142,18,2.0,18.24
4143,15,19.5,48.86
4144,15,14.2,35.88
4145,10,10.1,29.21
4146,8,27.8,11.89
4147,15,30.8,32.76
4148,14,9.8,23.61
4149,13,2.0,19.35
4150,15,34.0,17.47
4151,14,0.4,19.22
4152,17,37.5,21.15
4153,14,25.1,32.5
4154,12,12.9,8.6
4155,16,9.9,13.55
4156,13,0.4,23.06
4157,15,9.4,20.48
4158,13,5.5,12.87
4159,12,24.5,38.21
4160,14,6.7,24.75
4161,14,21.1,38.85
4162,15,23.6,28.88
4163,13,11.9,63.97
4164,9,1.4,9.02
4165,13,1.5,34.51
4166,16,1.1,22.34
4167,13,29.6,13.3
4168,13,12.7,26.95
4169,16,31.9,39.42
4170,12,17.3,14.13
4171,10,18.1,12.31
4172,14,20.5,26.98
4173,13,28.5,29.63
4174,12,10.9,7.24
4175,14,4.9,31.67
4176,15,22.2,25.08
4177,14,13.1,14.5
4178,15,17.7,42.55
4179,19,25.9,46.16
4180,13,19.8,39.81
4181,15,24.8,37.03
4182,13,21.8,24.92
4183,12,29.6,21.95
4184,13,28.2,31.23
4185,13,21.4,21.06
4186,15,27.2,22.31
4187,20,34.9,65.48
4188,12,17.3,20.32
4189,13,16.5,23.87
4190,14,30.6,44.06
4191,15,23.3,29.43
4192,15,2.8,21.92
4193,17,35.7,29.78
4194,8,1.2,12.29
4195,8,29.9,17.99
4196,13,30.4,36.98
4197,17,38.1,29.53
4198,10,2.2,10.8
4199,8,23.9,21.08
4200,15,17.1,32.07
4201,15,13.2,19.05
4202,11,3.6,25.14
4203,12,22.5,11.5
4204,12,19.2,30.11
4205,14,4.2,12.31
4206,12,24.5,48.87
4207,15,29.5,16.98
4208,8,30.7,24.8
4209,12,36.2,22.15
4210,11,16.4,16.62
4211,13,38.1,26.87
4212,13,34.6,32.85
4213,16,11.9,20.57
4214,9,6.4,9.44
4215,14,17.4,34.15
4216,15,16.1,14.44
4217,19,23.0,36.31
4218,13,23.3,85.12
4219,15,30.0,21.39
4220,9,20.4,26.13
4221,8,4.2,8.87
4222,16,34.3,42.28
4223,14,12.4,31.71
4224,17,38.9,58.11
4225,11,4.7,14.16
4226,15,38.3,67.41
4227,19,3.6,26.23
4228,15,9.2,27.89
4229,15,1.9,23.39
4230,14,28.2,18.17
4231,10,34.0,16.9
4232,17,17.4,37.89
4233,12,37.1,19.14
4234,15,23.6,81.94
4235,10,25.2,13.5
4236,11,33.8,33.6
4237,18,11.9,50.82
4238,13,14.2,22.63
4239,18,36.2,29.5
4240,14,36.0,20.58
4241,9,39.1,13.49
4242,16,36.1,16.73
4243,13,5.1,12.66
4244,16,32.9,19.16
4245,14,16.4,44.51
4246,10,39.6,23.36
4247,14,18.9,36.7
4248,19,22.2,57.67
4249,15,21.2,32.39
4250,14,12.9,44.15
4251,17,3.0,20.93
4252,15,35.8,32.32
4253,15,32.1,42.38
4254,11,5.6,9.24
4255,15,31.1,108.64
4256,17,25.0,38.44
4257,12,16.4,22.51
4258,18,10.2,57.74
4259,14,34.4,40.7
4260,12,28.0,23.65
4261,16,21.9,35.49
4262,13,24.4,13.91
4263,16,3.6,19.69
4264,13,19.0,29.84
4265,14,7.7,26.58
4266,15,8.3,40.6
4267,15,26.5,29.83
4268,9,36.5,9.72
4269,11,16.2,29.28
4270,16,8.3,48.87
4271,14,25.9,40.49
4272,13,34.8,23.87
4273,11,29.9,32.06
4274,11,34.8,82.29
4275,9,21.5,17.45
4276,14,30.1,16.87
4277,13,5.6,15.15
4278,12,13.9,26.34
4279,14,15.6,13.52
4280,15,20.5,32.21
4281,19,37.2,53.33
4282,10,35.0,34.87
4283,17,5.4,47.99
4284,16,6.9,37.69
4285,12,14.3,8.69
4286,15,11.6,38.46
4287,13,24.6,33.7
4288,14,36.1,30.99
4289,18,38.5,20.53
4290,16,26.1,25.33
4291,15,33.5,19.63
4292,13,21.0,11.06
4293,10,8.3,15.09
4294,13,21.0,18.0
4295,17,22.2,106.67
4296,10,29.7,17.86
4297,11,8.8,28.29
4298,14,14.7,13.54
4299,12,14.6,16.76
4300,12,38.4,23.42
4301,13,17.8,16.64
4302,11,30.2,17.83
4303,12,30.0,21.39
4304,16,10.6,26.28
4305,11,22.9,43.24
4306,10,35.8,21.86
4307,12,19.0,26.61
4308,16,37.8,41.91
4309,14,8.6,28.95
4310,13,3.0,17.31
4311,14,35.7,24.67
4312,10,33.9,20.27
4313,15,39.7,47.73
4314,15,27.2,49.23
4315,13,37.5,22.78
4316,17,33.1,52.06
4317,11,33.8,19.4
4318,17,22.8,37.99
4319,14,15.3,21.17
4320,13,37.4,23.34
4321,14,17.3,44.96
4322,14,21.6,28.54
4323,17,17.8,37.72
4324,11,22.6,11.52
4325,12,18.8,19.37
4326,17,1.9,23.55
4327,13,35.3,18.25
4328,16,17.8,32.59
4329,18,23.6,35.08
4330,13,5.6,19.76
4331,16,0.1,23.4
4332,11,9.8,11.75
4333,16,28.2,29.63
4334,14,4.0,20.95
4335,15,36.4,49.58
4336,12,8.6,20.57
4337,10,8.2,11.56
4338,15,7.3,28.53
4339,9,0.6,22.19
4340,13,30.9,37.2
4341,16,35.0,42.8
4342,14,24.6,37.54
4343,19,7.5,64.94
4344,17,11.4,49.77
4345,12,19.0,27.57
4346,14,38.2,42.27
4347,14,9.9,15.11
4348,10,29.3,10.47
4349,12,17.6,23.0
4350,13,11.9,22.51
4351,9,18.2,12.98
4352,14,2.8,27.43
4353,13,31.9,12.22
4354,10,9.7,12.56
4355,15,29.0,25.93
4356,16,2.7,12.48
4357,15,38.2,55.38
4358,13,7.7,11.68
4359,15,35.3,24.55
4360,16,32.4,49.92
4361,15,38.7,39.27
4362,12,19.1,14.12
4363,15,29.1,41.37
4364,17,14.8,38.51
4365,13,7.4,50.77
4366,19,17.7,51.22
4367,13,6.6,18.55
4368,14,39.3,19.38
4369,12,3.8,12.31
4370,15,23.6,22.18
4371,10,25.1,32.66
4372,13,21.5,25.06
4373,11,26.5,26.31
4374,14,4.6,37.88
4375,16,22.2,13.15
4376,16,11.5,48.92
4377,8,37.6,15.54
4378,19,30.5,55.92
4379,15,38.9,21.74
4380,12,1.5,11.49
4381,14,11.4,29.16
4382,14,7.8,57.85
4383,12,0.4,22.52
4384,14,9.7,38.48
4385,12,27.2,21.52
4386,13,9.2,16.35
4387,12,20.4,16.3
4388,10,35.5,15.48
4389,14,27.8,12.51
4390,15,15.8,21.31
4391,15,14.9,22.46
4392,16,18.2,30.28
4393,15,7.1,25.54
4394,13,25.4,29.49
4395,16,14.6,30.72
4396,11,34.1,16.59
4397,12,30.3,10.64
4398,12,24.4,18.25
4399,17,14.6,23.15
4400,16,8.4,33.22
4401,15,31.0,45.29
4402,17,19.5,52.98
4403,12,9.0,25.33
4404,15,7.8,23.34
4405,14,6.6,17.6
4406,16,31.1,25.81
4407,14,9.2,12.55
4408,13,21.1,36.85
4409,15,18.1,27.35
4410,16,23.2,20.66
4411,12,35.1,16.55
4412,14,34.7,19.93
4413,11,18.0,20.0
4414,8,0.6,15.57
4415,15,17.1,25.21
4416,16,24.2,13.91
4417,15,22.3,28.35
4418,9,26.1,16.11
4419,13,6.2,17.74
4420,8,25.9,12.07
4421,17,7.3,32.44
4422,11,30.0,21.68
4423,17,13.6,33.28
4424,16,28.4,41.01
4425,12,1.9,13.25
4426,11,16.3,15.83
4427,15,28.2,54.62
4428,12,9.1,23.45
4429,14,31.8,39.61
4430,13,25.2,41.64
4431,10,23.5,23.09
4432,8,14.1,20.0
4433,15,19.3,15.82
4434,13,23.9,27.47
4435,13,18.9,22.54
4436,16,27.9,67.96
4437,17,17.3,51.47
4438,13,8.1,15.77
4439,13,8.6,23.79
4440,15,0.2,21.63
4441,11,12.0,21.55
4442,15,30.0,20.96
4443,15,31.8,36.32
4444,16,8.1,25.0
4445,9,38.4,18.69
4446,12,20.1,16.63
4447,12,36.7,18.06
4448,14,28.3,45.51
4449,15,28.9,20.67
4450,18,3.4,20.19
4451,13,8.8,20.18
4452,13,0.4,12.2
4453,17,28.6,26.98
4454,15,13.8,28.8
4455,17,31.5,21.05
4456,15,13.6,18.39
4457,11,32.8,47.84
4458,11,5.2,18.67
4459,10,6.9,10.86
4460,16,13.6,36.0
4461,17,16.3,43.98
4462,19,13.9,61.49
4463,16,30.5,33.08
4464,17,3.9,40.42
4465,13,14.0,10.05
4466,11,33.5,13.75
4467,16,2.7,25.59
4468,15,37.7,34.89
4469,14,39.5,18.93
4470,15,3.5,24.63
4471,15,11.7,20.74
4472,17,14.9,30.73
4473,17,31.1,57.94
4474,15,23.8,44.46
4475,16,25.8,23.16
4476,15,30.3,20.64
4477,13,4.7,15.89
4478,16,33.3,34.25
4479,11,28.2,16.2
4480,17,23.1,56.96
4481,11,35.6,23.89
4482,15,28.0,36.98
4483,12,8.1,11.05
4484,15,17.2,46.29
4485,14,19.8,8.75
4486,10,2.2,18.13
4487,15,38.2,44.27
4488,13,5.1,15.93
4489,16,27.9,57.8
4490,14,20.2,26.5
4491,15,1.0,21.23
4492,12,37.0,26.09
4493,13,34.1,91.5
4494,13,21.0,42.39
4495,16,9.2,37.09
4496,18,4.9,21.52
4497,12,14.5,21.93
4498,17,10.2,22.85
4499,9,20.3,22.91
4500,11,38.7,21.51
4501,12,23.0,14.52
4502,11,35.6,21.47
4503,10,26.0,13.5
4504,15,19.0,31.5
4505,13,34.2,18.13
4506,15,18.9,29.93
4507,16,34.7,46.48
4508,15,11.7,26.07
4509,16,5.2,21.87
4510,14,34.2,30.64
4511,11,23.5,27.32
4512,17,35.6,24.33
4513,13,37.5,27.83
4514,12,2.1,26.82
4515,14,20.0,34.12
4516,12,15.0,21.34
4517,13,25.0,32.9
4518,15,31.7,37.69
4519,15,11.2,35.7
4520,12,22.3,10.08
4521,13,28.3,13.84
4522,17,5.4,42.47
4523,15,32.6,17.19
4524,19,24.2,54.27
4525,17,38.0,32.37
4526,17,13.6,22.57
4527,11,4.3,17.47
4528,16,20.3,35.98
4529,14,3.4,46.58
4530,13,38.8,19.33
4531,14,1.5,33.83
4532,16,30.1,40.08
4533,15,21.0,23.22
4534,12,14.7,28.6
4535,16,2.6,30.02
4536,12,24.9,23.37
4537,15,23.4,34.29
4538,13,11.2,17.03
4539,13,36.4,18.16
4540,16,12.2,40.23
4541,11,18.0,17.96
4542,19,21.8,43.99
4543,9,4.0,13.79
4544,13,37.3,27.93
4545,15,15.0,15.89
4546,15,3.2,36.83
4547,14,15.5,26.93
4548,14,24.0,25.82
4549,15,20.5,35.79
4550,13,27.8,28.28
4551,17,2.2,35.55
4552,16,11.4,36.3
4553,16,32.8,46.21
4554,12,3.2,27.97
4555,14,34.2,40.23
4556,13,3.7,17.1
4557,11,33.4,13.4
4558,15,14.4,54.38
4559,13,24.5,23.1
4560,16,6.1,21.66
4561,11,2.6,7.25
4562,18,8.6,38.75
4563,12,5.1,18.17
4564,15,12.5,14.74
4565,16,20.6,39.92
4566,13,23.6,20.7
4567,16,31.6,101.99
4568,11,26.2,16.7
4569,18,24.4,35.16
4570,14,16.5,18.33
4571,13,19.0,40.45
4572,13,16.6,20.3
4573,16,33.7,25.87
4574,13,9.2,27.56
4575,12,0.2,8.63
4576,13,26.1,32.86
4577,11,8.1,33.88
4578,19,35.6,58.03
4579,13,34.4,32.97
4580,16,3.1,34.31
4581,15,4.3,44.81
4582,12,19.8,35.95
4583,14,24.4,33.45
4584,16,11.0,41.72
4585,14,28.7,19.98
4586,17,23.8,51.48
4587,17,13.0,22.27
4588,16,1.0,19.75
4589,13,30.0,7.52
4590,11,8.6,19.72
4591,12,33.4,17.93
4592,14,16.8,40.75
4593,15,23.1,35.95
4594,9,34.9,26.78
4595,14,34.5,18.29
4596,14,14.9,38.5
4597,13,8.4,47.38
4598,17,31.0,52.2
4599,15,17.3,39.88
4600,17,7.7,32.1
4601,13,36.2,20.51
4602,16,7.9,37.0
4603,18,1.0,15.3
4604,17,0.8,21.26
4605,11,24.9,10.26
4606,13,26.5,19.34
4607,13,12.4,28.58
4608,15,12.8,33.26
4609,16,13.6,31.05
4610,12,27.2,24.88
4611,14,2.3,9.14
4612,9,37.2,14.52
4613,18,8.9,25.92
4614,13,40.0,18.85
4615,14,6.9,27.72
4616,13,30.9,18.27
4617,17,8.9,24.2
4618,8,3.2,4.74
4619,14,35.0,25.02
4620,14,34.4,18.27
4621,13,16.1,24.18
4622,18,28.1,29.01
4623,12,22.3,23.62
4624,16,34.1,32.58
4625,15,12.6,52.85
4626,17,20.9,45.06
4627,12,19.4,10.57
4628,12,14.2,12.41
4629,17,35.7,38.71
4630,15,6.6,16.53
4631,10,6.0,4.37
4632,13,23.1,43.2
4633,15,26.3,41.73
4634,16,7.8,33.5
4635,12,15.6,16.51
4636,8,37.9,18.0
4637,15,9.9,19.41
4638,11,26.7,22.8
4639,9,29.6,11.96
4640,8,17.9,26.67
4641,16,37.5,18.06
4642,14,29.5,46.65
4643,13,18.3,24.47
4644,17,22.8,30.82
4645,16,27.7,37.12
4646,18,23.7,55.89
4647,11,35.1,36.0
4648,14,14.3,28.55
4649,10,12.0,11.38
4650,13,8.6,20.95
4651,13,1.5,35.55
4652,16,1.7,40.01
4653,14,34.8,40.53
4654,16,27.1,47.66
4655,16,26.4,45.76
4656,19,24.6,73.61
4657,13,34.0,21.32
4658,12,19.2,12.8
4659,15,34.8,32.01
4660,12,14.4,14.89
4661,18,37.1,27.19
4662,13,27.9,19.29
4663,13,10.3,57.39
4664,13,22.6,26.49
4665,16,21.3,38.75
4666,14,5.5,12.95
4667,12,23.6,10.94
4668,18,12.6,26.33
4669,12,2.1,28.1
4670,14,37.9,31.57
4671,16,25.7,43.82
4672,10,35.1,25.34
4673,15,27.0,24.76
4674,11,14.3,32.51
4675,16,20.5,25.84
4676,12,27.0,40.78
4677,16,38.4,40.11
4678,17,10.1,15.45
4679,16,35.0,25.49
4680,15,37.0,15.06
4681,13,26.8,40.86
4682,13,37.3,24.87
4683,18,15.9,15.79
4684,12,38.1,26.24
4685,11,28.1,17.0
4686,16,1.7,12.88
4687,12,36.3,44.77
4688,12,19.4,23.02
4689,10,18.4,15.89
4690,13,22.7,21.4
4691,14,6.0,11.66
4692,15,18.8,17.55
4693,16,33.2,57.9
4694,15,0.6,16.93
4695,14,10.9,23.97
4696,14,0.1,8.05
4697,15,16.6,17.0
4698,17,29.1,49.08
4699,14,32.0,33.09
4700,13,37.8,50.44
4701,12,24.3,39.3
4702,10,10.2,14.32
4703,16,37.0,41.06
4704,15,31.0,27.74
4705,15,23.0,69.91
4706,14,27.8,45.03
4707,18,37.0,44.41
4708,13,28.5,27.91
4709,16,14.7,55.23
4710,14,28.5,35.9
4711,12,1.6,29.09
4712,15,15.5,11.78
4713,15,16.3,34.47
4714,15,6.7,19.53
4715,14,0.9,37.71
4716,14,5.3,39.03
4717,20,26.2,52.24
4718,17,32.1,70.96
4719,16,39.5,67.89
4720,14,13.9,25.78
4721,17,24.0,101.56
4722,15,37.5,30.25
4723,14,6.7,19.93
4724,13,28.7,36.43
4725,14,30.2,24.74
4726,8,3.6,11.41
4727,15,34.4,54.81
4728,13,32.5,25.91
4729,18,1.3,14.31
4730,14,3.6,23.33
4731,11,2.0,10.79
4732,14,13.4,35.1
4733,11,20.4,26.63
4734,15,21.3,54.63
4735,15,10.7,37.6
4736,16,36.5,52.73
4737,12,14.7,15.89
4738,14,1.8,26.43
4739,11,12.0,39.47
4740,16,21.2,25.44
4741,15,16.3,58.94
4742,15,11.0,21.09
4743,14,5.3,14.92
4744,15,32.8,35.33
4745,18,39.8,53.94
4746,13,13.2,32.24
4747,14,15.3,17.4
4748,11,24.7,24.78
4749,12,28.7,17.73
4750,14,15.7,14.18
4751,17,36.2,26.03
4752,13,22.4,18.56
4753,13,18.0,29.57
4754,13,25.9,40.54
4755,13,38.1,13.84
4756,15,31.8,36.2
4757,10,1.6,7.97
4758,17,13.3,43.04
4759,12,18.8,17.09
4760,16,12.6,19.64
4761,11,28.0,29.02
4762,16,33.1,27.4
4763,16,29.3,30.67
4764,15,39.6,12.38
4765,12,10.9,28.4
4766,15,35.0,43.2
4767,11,30.7,21.16
4768,13,14.5,12.41
4769,17,29.4,62.4
4770,16,4.2,19.1
4771,14,31.6,23.75
4772,12,21.3,56.65
4773,16,11.7,22.22
4774,14,26.2,38.08
4775,8,25.7,19.4
4776,16,8.4,32.21
4777,14,1.2,21.08
4778,17,17.3,41.28
4779,11,22.8,22.94
4780,8,35.1,15.13
4781,15,37.1,56.21
4782,15,21.2,17.92
4783,10,30.2,28.75
4784,12,17.6,30.02
4785,21,29.8,75.89
4786,13,8.2,31.79
4787,16,14.8,29.91
4788,12,25.4,10.93
4789,9,0.7,10.94
4790,14,28.9,19.16
4791,13,33.4,19.13
4792,13,16.0,14.22
4793,14,17.9,21.89
4794,15,34.1,24.61
4795,14,31.0,11.01
4796,11,11.5,23.56
4797,15,13.0,66.22
4798,9,27.2,21.94
4799,9,22.5,15.5
4800,16,6.5,25.83
4801,15,12.4,22.8
4802,14,36.0,29.02
4803,11,27.5,20.74
4804,12,39.4,15.94
4805,13,30.7,50.55
4806,10,37.7,10.23
4807,12,8.6,24.76
4808,16,30.9,33.42
4809,18,0.8,59.4
4810,13,26.8,29.41
4811,16,18.8,28.3
4812,9,13.9,13.75
4813,16,34.5,35.02
4814,12,34.2,14.65
4815,15,0.9,15.17
4816,13,24.4,12.43
4817,17,14.7,23.66
4818,12,16.6,22.16
4819,16,33.3,39.04
4820,13,12.4,10.01
4821,14,37.7,26.19
4822,14,7.2,27.53
4823,12,26.5,21.73
4824,14,26.9,22.01
4825,14,10.1,19.82
4826,15,13.0,21.96
4827,14,33.4,21.97
4828,16,30.5,37.32
4829,16,13.2,76.05
4830,11,21.4,15.11
4831,16,2.5,20.98
4832,11,8.3,16.36
4833,15,19.4,22.63
4834,16,3.4,37.96
4835,9,33.7,6.65
4836,14,28.7,23.03
4837,13,37.7,34.72
4838,12,27.7,20.69
4839,17,37.6,26.91
4840,12,22.2,27.0
4841,12,24.0,32.94
4842,14,39.1,29.76
4843,16,25.7,25.03
4844,14,1.2,22.62
4845,17,29.0,32.74
4846,15,36.2,41.63
4847,9,31.8,31.24
4848,13,23.4,8.9
4849,13,26.9,26.83
4850,15,39.6,15.02
4851,8,3.6,29.34
4852,20,26.7,42.83
4853,15,11.3,35.67
4854,14,25.6,27.83
4855,17,24.3,27.46
4856,20,6.1,27.02
4857,16,8.3,51.84
4858,16,24.9,50.36
4859,14,5.1,45.52
4860,14,10.6,24.15
4861,13,33.4,28.77
4862,12,13.1,18.17
4863,12,19.5,19.69
4864,11,37.6,13.52
4865,14,9.1,23.69
4866,10,15.6,12.56
4867,14,24.3,33.46
4868,14,30.2,30.51
4869,14,36.1,31.4
4870,13,36.6,49.31
4871,22,31.1,62.45
4872,17,9.1,41.89
4873,11,1.0,31.5
4874,15,15.4,47.72
4875,12,5.7,27.53
4876,11,28.4,18.65
4877,11,26.4,23.0
4878,15,1.8,12.48
4879,12,33.5,28.32
4880,16,9.9,31.78
4881,16,17.3,32.41
4882,17,26.7,57.71
4883,12,17.2,13.26
4884,15,17.7,56.13
4885,16,2.6,34.33
4886,13,16.1,22.75
4887,12,30.6,21.98
4888,18,36.6,50.42
4889,15,16.5,52.87
4890,16,16.9,33.29
4891,12,28.1,24.68
4892,11,37.7,20.65
4893,13,10.7,43.65
4894,14,17.6,22.77
4895,11,31.8,20.83
4896,14,24.4,50.38
4897,10,4.4,14.61
4898,11,25.1,32.88
4899,16,7.5,18.76
4900,16,20.4,30.63
4901,13,21.2,44.91
4902,11,35.0,15.91
4903,11,18.5,18.6
4904,13,11.2,23.94
4905,16,9.2,18.89
4906,16,35.0,29.14
4907,13,6.8,20.63
4908,11,17.0,19.78
4909,15,7.5,40.8
4910,12,30.9,43.21
4911,13,19.0,17.23
4912,17,14.0,35.42
4913,16,14.4,40.39
4914,14,34.1,51.84
4915,11,22.2,27.29
4916,15,28.7,35.36
4917,17,35.9,49.37
4918,13,36.1,33.15
4919,17,13.1,23.03
4920,17,38.1,40.22
4921,18,1.0,50.05
4922,15,15.1,25.94
4923,15,35.8,32.62
4924,18,11.0,32.21
4925,15,10.9,10.41
4926,13,12.1,22.16
4927,13,24.5,28.66
4928,15,17.5,23.74
4929,11,29.1,13.3
4930,14,35.8,19.71
4931,17,27.0,51.99
4932,9,8.2,29.99
4933,18,37.3,71.97
4934,17,10.6,18.61
4935,13,6.0,27.21
4936,15,3.6,17.05
4937,14,22.5,21.96
4938,17,4.6,23.14
4939,16,5.6,34.25
4940,10,12.0,23.85
4941,15,11.3,25.41
4942,13,24.2,24.55
4943,14,32.7,34.2
4944,12,30.5,29.29
4945,18,10.5,56.28
4946,17,9.8,18.77
4947,12,38.6,22.66
4948,11,0.3,8.87
4949,13,35.2,24.93
4950,15,8.0,22.59
4951,15,37.9,29.97
4952,17,13.7,24.46
4953,16,17.6,17.79
4954,16,28.3,15.04
4955,15,23.5,29.27
4956,11,12.7,15.31
4957,14,22.2,21.09
4958,17,29.2,65.28
4959,14,1.7,13.54
4960,15,0.4,35.88
4961,13,18.3,46.13
4962,11,5.3,7.13
4963,14,26.6,29.4
4964,15,8.6,21.33
4965,12,17.3,6.72
4966,13,7.9,11.34
4967,12,21.9,30.8
4968,17,4.6,62.56
4969,13,0.9,24.25
4970,18,2.0,32.74
4971,18,38.2,40.78
4972,14,5.7,41.58
4973,11,28.3,49.8
4974,9,2.7,9.42
4975,10,4.3,6.17
4976,11,20.4,8.71
4977,17,18.6,61.17
4978,14,38.1,27.08
4979,15,37.8,32.88
4980,8,31.2,7.64
4981,11,24.1,15.35
4982,16,18.2,28.85
4983,15,14.2,30.24
4984,14,37.9,23.56
4985,15,24.1,20.45
4986,18,23.2,30.35
4987,13,9.3,33.74
4988,14,1.9,21.16
4989,14,37.8,35.32
4990,20,12.5,31.13
4991,9,17.7,4.92
4992,16,4.6,20.45
4993,14,33.5,20.03
4994,15,1.1,23.86
4995,12,33.4,86.37
4996,14,5.6,27.96
4997,16,35.5,102.46
4998,22,29.2,79.61
4999,16,6.6,20.57
5000,12,22.6,26.1
